[2026-07-09T10:33:57.095+0000] {processor.py:161} INFO - Started process (PID=162) to work on /opt/airflow/dags/cdc_demo_dag.py
[2026-07-09T10:33:57.096+0000] {processor.py:830} INFO - Processing file /opt/airflow/dags/cdc_demo_dag.py for tasks to queue
[2026-07-09T10:33:57.098+0000] {logging_mixin.py:188} INFO - [2026-07-09T10:33:57.097+0000] {dagbag.py:545} INFO - Filling up the DagBag from /opt/airflow/dags/cdc_demo_dag.py
[2026-07-09T10:33:57.298+0000] {processor.py:840} INFO - DAG(s) 'postgres_cdc_demo' retrieved from /opt/airflow/dags/cdc_demo_dag.py
[2026-07-09T10:34:04.393+0000] {logging_mixin.py:188} INFO - [2026-07-09T10:34:04.393+0000] {override.py:1829} INFO - Created Permission View: can read on DAG:postgres_cdc_demo
[2026-07-09T10:34:04.425+0000] {logging_mixin.py:188} INFO - [2026-07-09T10:34:04.425+0000] {override.py:1829} INFO - Created Permission View: can delete on DAG:postgres_cdc_demo
[2026-07-09T10:34:04.486+0000] {logging_mixin.py:188} INFO - [2026-07-09T10:34:04.485+0000] {override.py:1829} INFO - Created Permission View: can edit on DAG:postgres_cdc_demo
[2026-07-09T10:34:04.487+0000] {logging_mixin.py:188} INFO - [2026-07-09T10:34:04.487+0000] {dag.py:3096} INFO - Sync 1 DAGs
[2026-07-09T10:34:04.523+0000] {logging_mixin.py:188} INFO - [2026-07-09T10:34:04.523+0000] {dag.py:3118} INFO - Creating ORM DAG for postgres_cdc_demo
[2026-07-09T10:34:04.537+0000] {logging_mixin.py:188} INFO - [2026-07-09T10:34:04.537+0000] {dag.py:3954} INFO - Setting next_dagrun for postgres_cdc_demo to 2026-07-08 00:00:00+00:00, run_after=2026-07-09 00:00:00+00:00
[2026-07-09T10:34:04.565+0000] {processor.py:183} INFO - Processing /opt/airflow/dags/cdc_demo_dag.py took 7.478 seconds
[2026-07-09T10:34:34.777+0000] {processor.py:161} INFO - Started process (PID=167) to work on /opt/airflow/dags/cdc_demo_dag.py
[2026-07-09T10:34:34.793+0000] {processor.py:830} INFO - Processing file /opt/airflow/dags/cdc_demo_dag.py for tasks to queue
[2026-07-09T10:34:34.795+0000] {logging_mixin.py:188} INFO - [2026-07-09T10:34:34.795+0000] {dagbag.py:545} INFO - Filling up the DagBag from /opt/airflow/dags/cdc_demo_dag.py
[2026-07-09T10:34:34.807+0000] {processor.py:840} INFO - DAG(s) 'postgres_cdc_demo' retrieved from /opt/airflow/dags/cdc_demo_dag.py
[2026-07-09T10:34:34.845+0000] {logging_mixin.py:188} INFO - [2026-07-09T10:34:34.844+0000] {dag.py:3096} INFO - Sync 1 DAGs
[2026-07-09T10:34:34.862+0000] {logging_mixin.py:188} INFO - [2026-07-09T10:34:34.862+0000] {dag.py:3954} INFO - Setting next_dagrun for postgres_cdc_demo to 2026-07-08 00:00:00+00:00, run_after=2026-07-09 00:00:00+00:00
[2026-07-09T10:34:34.889+0000] {processor.py:183} INFO - Processing /opt/airflow/dags/cdc_demo_dag.py took 0.117 seconds
[2026-07-09T10:35:04.973+0000] {processor.py:161} INFO - Started process (PID=172) to work on /opt/airflow/dags/cdc_demo_dag.py
[2026-07-09T10:35:04.974+0000] {processor.py:830} INFO - Processing file /opt/airflow/dags/cdc_demo_dag.py for tasks to queue
[2026-07-09T10:35:04.975+0000] {logging_mixin.py:188} INFO - [2026-07-09T10:35:04.975+0000] {dagbag.py:545} INFO - Filling up the DagBag from /opt/airflow/dags/cdc_demo_dag.py
[2026-07-09T10:35:04.984+0000] {processor.py:840} INFO - DAG(s) 'postgres_cdc_demo' retrieved from /opt/airflow/dags/cdc_demo_dag.py
[2026-07-09T10:35:05.008+0000] {logging_mixin.py:188} INFO - [2026-07-09T10:35:05.008+0000] {dag.py:3096} INFO - Sync 1 DAGs
[2026-07-09T10:35:05.026+0000] {logging_mixin.py:188} INFO - [2026-07-09T10:35:05.026+0000] {dag.py:3954} INFO - Setting next_dagrun for postgres_cdc_demo to 2026-07-08 00:00:00+00:00, run_after=2026-07-09 00:00:00+00:00
[2026-07-09T10:35:06.115+0000] {processor.py:183} INFO - Processing /opt/airflow/dags/cdc_demo_dag.py took 1.145 seconds
[2026-07-09T10:35:36.285+0000] {processor.py:161} INFO - Started process (PID=177) to work on /opt/airflow/dags/cdc_demo_dag.py
[2026-07-09T10:35:36.311+0000] {processor.py:830} INFO - Processing file /opt/airflow/dags/cdc_demo_dag.py for tasks to queue
[2026-07-09T10:35:36.312+0000] {logging_mixin.py:188} INFO - [2026-07-09T10:35:36.312+0000] {dagbag.py:545} INFO - Filling up the DagBag from /opt/airflow/dags/cdc_demo_dag.py
[2026-07-09T10:35:36.326+0000] {processor.py:840} INFO - DAG(s) 'postgres_cdc_demo' retrieved from /opt/airflow/dags/cdc_demo_dag.py
[2026-07-09T10:35:36.364+0000] {logging_mixin.py:188} INFO - [2026-07-09T10:35:36.363+0000] {dag.py:3096} INFO - Sync 1 DAGs
[2026-07-09T10:35:36.382+0000] {logging_mixin.py:188} INFO - [2026-07-09T10:35:36.382+0000] {dag.py:3954} INFO - Setting next_dagrun for postgres_cdc_demo to 2026-07-08 00:00:00+00:00, run_after=2026-07-09 00:00:00+00:00
[2026-07-09T10:35:37.538+0000] {processor.py:183} INFO - Processing /opt/airflow/dags/cdc_demo_dag.py took 1.257 seconds
[2026-07-09T10:36:07.774+0000] {processor.py:161} INFO - Started process (PID=182) to work on /opt/airflow/dags/cdc_demo_dag.py
[2026-07-09T10:36:07.775+0000] {processor.py:830} INFO - Processing file /opt/airflow/dags/cdc_demo_dag.py for tasks to queue
[2026-07-09T10:36:07.776+0000] {logging_mixin.py:188} INFO - [2026-07-09T10:36:07.775+0000] {dagbag.py:545} INFO - Filling up the DagBag from /opt/airflow/dags/cdc_demo_dag.py
[2026-07-09T10:36:07.784+0000] {processor.py:840} INFO - DAG(s) 'postgres_cdc_demo' retrieved from /opt/airflow/dags/cdc_demo_dag.py
[2026-07-09T10:36:07.809+0000] {logging_mixin.py:188} INFO - [2026-07-09T10:36:07.809+0000] {dag.py:3096} INFO - Sync 1 DAGs
[2026-07-09T10:36:07.826+0000] {logging_mixin.py:188} INFO - [2026-07-09T10:36:07.826+0000] {dag.py:3954} INFO - Setting next_dagrun for postgres_cdc_demo to 2026-07-08 00:00:00+00:00, run_after=2026-07-09 00:00:00+00:00
[2026-07-09T10:36:07.848+0000] {processor.py:183} INFO - Processing /opt/airflow/dags/cdc_demo_dag.py took 0.078 seconds
[2026-07-09T10:36:37.974+0000] {processor.py:161} INFO - Started process (PID=187) to work on /opt/airflow/dags/cdc_demo_dag.py
[2026-07-09T10:36:38.536+0000] {processor.py:830} INFO - Processing file /opt/airflow/dags/cdc_demo_dag.py for tasks to queue
[2026-07-09T10:36:38.540+0000] {logging_mixin.py:188} INFO - [2026-07-09T10:36:38.540+0000] {dagbag.py:545} INFO - Filling up the DagBag from /opt/airflow/dags/cdc_demo_dag.py
[2026-07-09T10:36:38.549+0000] {processor.py:840} INFO - DAG(s) 'postgres_cdc_demo' retrieved from /opt/airflow/dags/cdc_demo_dag.py
[2026-07-09T10:36:38.573+0000] {logging_mixin.py:188} INFO - [2026-07-09T10:36:38.572+0000] {dag.py:3096} INFO - Sync 1 DAGs
[2026-07-09T10:36:38.590+0000] {logging_mixin.py:188} INFO - [2026-07-09T10:36:38.589+0000] {dag.py:3954} INFO - Setting next_dagrun for postgres_cdc_demo to 2026-07-08 00:00:00+00:00, run_after=2026-07-09 00:00:00+00:00
[2026-07-09T10:36:38.642+0000] {processor.py:183} INFO - Processing /opt/airflow/dags/cdc_demo_dag.py took 0.672 seconds
[2026-07-09T10:37:08.866+0000] {processor.py:161} INFO - Started process (PID=192) to work on /opt/airflow/dags/cdc_demo_dag.py
[2026-07-09T10:37:08.866+0000] {processor.py:830} INFO - Processing file /opt/airflow/dags/cdc_demo_dag.py for tasks to queue
[2026-07-09T10:37:08.867+0000] {logging_mixin.py:188} INFO - [2026-07-09T10:37:08.867+0000] {dagbag.py:545} INFO - Filling up the DagBag from /opt/airflow/dags/cdc_demo_dag.py
[2026-07-09T10:37:08.876+0000] {processor.py:840} INFO - DAG(s) 'postgres_cdc_demo' retrieved from /opt/airflow/dags/cdc_demo_dag.py
[2026-07-09T10:37:08.901+0000] {logging_mixin.py:188} INFO - [2026-07-09T10:37:08.901+0000] {dag.py:3096} INFO - Sync 1 DAGs
[2026-07-09T10:37:08.918+0000] {logging_mixin.py:188} INFO - [2026-07-09T10:37:08.918+0000] {dag.py:3954} INFO - Setting next_dagrun for postgres_cdc_demo to 2026-07-08 00:00:00+00:00, run_after=2026-07-09 00:00:00+00:00
[2026-07-09T10:37:08.942+0000] {processor.py:183} INFO - Processing /opt/airflow/dags/cdc_demo_dag.py took 0.081 seconds
[2026-07-09T10:37:39.059+0000] {processor.py:161} INFO - Started process (PID=197) to work on /opt/airflow/dags/cdc_demo_dag.py
[2026-07-09T10:37:39.068+0000] {processor.py:830} INFO - Processing file /opt/airflow/dags/cdc_demo_dag.py for tasks to queue
[2026-07-09T10:37:39.069+0000] {logging_mixin.py:188} INFO - [2026-07-09T10:37:39.069+0000] {dagbag.py:545} INFO - Filling up the DagBag from /opt/airflow/dags/cdc_demo_dag.py
[2026-07-09T10:37:39.079+0000] {processor.py:840} INFO - DAG(s) 'postgres_cdc_demo' retrieved from /opt/airflow/dags/cdc_demo_dag.py
[2026-07-09T10:37:39.108+0000] {logging_mixin.py:188} INFO - [2026-07-09T10:37:39.108+0000] {dag.py:3096} INFO - Sync 1 DAGs
[2026-07-09T10:37:39.125+0000] {logging_mixin.py:188} INFO - [2026-07-09T10:37:39.125+0000] {dag.py:3954} INFO - Setting next_dagrun for postgres_cdc_demo to 2026-07-08 00:00:00+00:00, run_after=2026-07-09 00:00:00+00:00
[2026-07-09T10:37:39.153+0000] {processor.py:183} INFO - Processing /opt/airflow/dags/cdc_demo_dag.py took 0.099 seconds
[2026-07-09T10:38:09.330+0000] {processor.py:161} INFO - Started process (PID=202) to work on /opt/airflow/dags/cdc_demo_dag.py
[2026-07-09T10:38:09.330+0000] {processor.py:830} INFO - Processing file /opt/airflow/dags/cdc_demo_dag.py for tasks to queue
[2026-07-09T10:38:09.332+0000] {logging_mixin.py:188} INFO - [2026-07-09T10:38:09.331+0000] {dagbag.py:545} INFO - Filling up the DagBag from /opt/airflow/dags/cdc_demo_dag.py
[2026-07-09T10:38:09.342+0000] {processor.py:840} INFO - DAG(s) 'postgres_cdc_demo' retrieved from /opt/airflow/dags/cdc_demo_dag.py
[2026-07-09T10:38:09.367+0000] {logging_mixin.py:188} INFO - [2026-07-09T10:38:09.367+0000] {dag.py:3096} INFO - Sync 1 DAGs
[2026-07-09T10:38:09.385+0000] {logging_mixin.py:188} INFO - [2026-07-09T10:38:09.385+0000] {dag.py:3954} INFO - Setting next_dagrun for postgres_cdc_demo to 2026-07-08 00:00:00+00:00, run_after=2026-07-09 00:00:00+00:00
[2026-07-09T10:38:10.317+0000] {processor.py:183} INFO - Processing /opt/airflow/dags/cdc_demo_dag.py took 0.991 seconds
[2026-07-09T10:38:40.559+0000] {processor.py:161} INFO - Started process (PID=207) to work on /opt/airflow/dags/cdc_demo_dag.py
[2026-07-09T10:38:40.579+0000] {processor.py:830} INFO - Processing file /opt/airflow/dags/cdc_demo_dag.py for tasks to queue
[2026-07-09T10:38:40.580+0000] {logging_mixin.py:188} INFO - [2026-07-09T10:38:40.580+0000] {dagbag.py:545} INFO - Filling up the DagBag from /opt/airflow/dags/cdc_demo_dag.py
[2026-07-09T10:38:40.589+0000] {processor.py:840} INFO - DAG(s) 'postgres_cdc_demo' retrieved from /opt/airflow/dags/cdc_demo_dag.py
[2026-07-09T10:38:40.617+0000] {logging_mixin.py:188} INFO - [2026-07-09T10:38:40.617+0000] {dag.py:3096} INFO - Sync 1 DAGs
[2026-07-09T10:38:40.636+0000] {logging_mixin.py:188} INFO - [2026-07-09T10:38:40.636+0000] {dag.py:3954} INFO - Setting next_dagrun for postgres_cdc_demo to 2026-07-08 00:00:00+00:00, run_after=2026-07-09 00:00:00+00:00
[2026-07-09T10:38:40.664+0000] {processor.py:183} INFO - Processing /opt/airflow/dags/cdc_demo_dag.py took 0.109 seconds
[2026-07-09T10:39:10.780+0000] {processor.py:161} INFO - Started process (PID=212) to work on /opt/airflow/dags/cdc_demo_dag.py
[2026-07-09T10:39:10.781+0000] {processor.py:830} INFO - Processing file /opt/airflow/dags/cdc_demo_dag.py for tasks to queue
[2026-07-09T10:39:10.782+0000] {logging_mixin.py:188} INFO - [2026-07-09T10:39:10.782+0000] {dagbag.py:545} INFO - Filling up the DagBag from /opt/airflow/dags/cdc_demo_dag.py
[2026-07-09T10:39:10.791+0000] {processor.py:840} INFO - DAG(s) 'postgres_cdc_demo' retrieved from /opt/airflow/dags/cdc_demo_dag.py
[2026-07-09T10:39:10.815+0000] {logging_mixin.py:188} INFO - [2026-07-09T10:39:10.815+0000] {dag.py:3096} INFO - Sync 1 DAGs
[2026-07-09T10:39:10.832+0000] {logging_mixin.py:188} INFO - [2026-07-09T10:39:10.832+0000] {dag.py:3954} INFO - Setting next_dagrun for postgres_cdc_demo to 2026-07-08 00:00:00+00:00, run_after=2026-07-09 00:00:00+00:00
[2026-07-09T10:39:10.857+0000] {processor.py:183} INFO - Processing /opt/airflow/dags/cdc_demo_dag.py took 0.081 seconds
[2026-07-09T10:39:41.048+0000] {processor.py:161} INFO - Started process (PID=217) to work on /opt/airflow/dags/cdc_demo_dag.py
[2026-07-09T10:39:41.073+0000] {processor.py:830} INFO - Processing file /opt/airflow/dags/cdc_demo_dag.py for tasks to queue
[2026-07-09T10:39:41.075+0000] {logging_mixin.py:188} INFO - [2026-07-09T10:39:41.074+0000] {dagbag.py:545} INFO - Filling up the DagBag from /opt/airflow/dags/cdc_demo_dag.py
[2026-07-09T10:39:41.089+0000] {processor.py:840} INFO - DAG(s) 'postgres_cdc_demo' retrieved from /opt/airflow/dags/cdc_demo_dag.py
[2026-07-09T10:39:41.126+0000] {logging_mixin.py:188} INFO - [2026-07-09T10:39:41.126+0000] {dag.py:3096} INFO - Sync 1 DAGs
[2026-07-09T10:39:41.144+0000] {logging_mixin.py:188} INFO - [2026-07-09T10:39:41.144+0000] {dag.py:3954} INFO - Setting next_dagrun for postgres_cdc_demo to 2026-07-08 00:00:00+00:00, run_after=2026-07-09 00:00:00+00:00
[2026-07-09T10:39:41.440+0000] {processor.py:183} INFO - Processing /opt/airflow/dags/cdc_demo_dag.py took 0.397 seconds
[2026-07-09T10:40:11.801+0000] {processor.py:161} INFO - Started process (PID=222) to work on /opt/airflow/dags/cdc_demo_dag.py
[2026-07-09T10:40:11.801+0000] {processor.py:830} INFO - Processing file /opt/airflow/dags/cdc_demo_dag.py for tasks to queue
[2026-07-09T10:40:11.802+0000] {logging_mixin.py:188} INFO - [2026-07-09T10:40:11.802+0000] {dagbag.py:545} INFO - Filling up the DagBag from /opt/airflow/dags/cdc_demo_dag.py
[2026-07-09T10:40:11.811+0000] {processor.py:840} INFO - DAG(s) 'postgres_cdc_demo' retrieved from /opt/airflow/dags/cdc_demo_dag.py
[2026-07-09T10:40:11.835+0000] {logging_mixin.py:188} INFO - [2026-07-09T10:40:11.835+0000] {dag.py:3096} INFO - Sync 1 DAGs
[2026-07-09T10:40:11.852+0000] {logging_mixin.py:188} INFO - [2026-07-09T10:40:11.852+0000] {dag.py:3954} INFO - Setting next_dagrun for postgres_cdc_demo to 2026-07-08 00:00:00+00:00, run_after=2026-07-09 00:00:00+00:00
[2026-07-09T10:40:13.889+0000] {processor.py:183} INFO - Processing /opt/airflow/dags/cdc_demo_dag.py took 2.093 seconds
[2026-07-09T10:40:44.019+0000] {processor.py:161} INFO - Started process (PID=227) to work on /opt/airflow/dags/cdc_demo_dag.py
[2026-07-09T10:40:44.020+0000] {processor.py:830} INFO - Processing file /opt/airflow/dags/cdc_demo_dag.py for tasks to queue
[2026-07-09T10:40:44.022+0000] {logging_mixin.py:188} INFO - [2026-07-09T10:40:44.022+0000] {dagbag.py:545} INFO - Filling up the DagBag from /opt/airflow/dags/cdc_demo_dag.py
[2026-07-09T10:40:44.030+0000] {processor.py:840} INFO - DAG(s) 'postgres_cdc_demo' retrieved from /opt/airflow/dags/cdc_demo_dag.py
[2026-07-09T10:40:44.056+0000] {logging_mixin.py:188} INFO - [2026-07-09T10:40:44.055+0000] {dag.py:3096} INFO - Sync 1 DAGs
[2026-07-09T10:40:44.073+0000] {logging_mixin.py:188} INFO - [2026-07-09T10:40:44.073+0000] {dag.py:3954} INFO - Setting next_dagrun for postgres_cdc_demo to 2026-07-08 00:00:00+00:00, run_after=2026-07-09 00:00:00+00:00
[2026-07-09T10:40:44.113+0000] {processor.py:183} INFO - Processing /opt/airflow/dags/cdc_demo_dag.py took 0.098 seconds
[2026-07-09T10:41:14.269+0000] {processor.py:161} INFO - Started process (PID=232) to work on /opt/airflow/dags/cdc_demo_dag.py
[2026-07-09T10:41:14.269+0000] {processor.py:830} INFO - Processing file /opt/airflow/dags/cdc_demo_dag.py for tasks to queue
[2026-07-09T10:41:14.271+0000] {logging_mixin.py:188} INFO - [2026-07-09T10:41:14.271+0000] {dagbag.py:545} INFO - Filling up the DagBag from /opt/airflow/dags/cdc_demo_dag.py
[2026-07-09T10:41:14.279+0000] {processor.py:840} INFO - DAG(s) 'postgres_cdc_demo' retrieved from /opt/airflow/dags/cdc_demo_dag.py
[2026-07-09T10:41:14.303+0000] {logging_mixin.py:188} INFO - [2026-07-09T10:41:14.303+0000] {dag.py:3096} INFO - Sync 1 DAGs
[2026-07-09T10:41:14.321+0000] {logging_mixin.py:188} INFO - [2026-07-09T10:41:14.321+0000] {dag.py:3954} INFO - Setting next_dagrun for postgres_cdc_demo to 2026-07-08 00:00:00+00:00, run_after=2026-07-09 00:00:00+00:00
[2026-07-09T10:41:14.343+0000] {processor.py:183} INFO - Processing /opt/airflow/dags/cdc_demo_dag.py took 0.078 seconds
[2026-07-09T10:41:44.490+0000] {processor.py:161} INFO - Started process (PID=237) to work on /opt/airflow/dags/cdc_demo_dag.py
[2026-07-09T10:41:44.499+0000] {processor.py:830} INFO - Processing file /opt/airflow/dags/cdc_demo_dag.py for tasks to queue
[2026-07-09T10:41:44.501+0000] {logging_mixin.py:188} INFO - [2026-07-09T10:41:44.501+0000] {dagbag.py:545} INFO - Filling up the DagBag from /opt/airflow/dags/cdc_demo_dag.py
[2026-07-09T10:41:44.509+0000] {processor.py:840} INFO - DAG(s) 'postgres_cdc_demo' retrieved from /opt/airflow/dags/cdc_demo_dag.py
[2026-07-09T10:41:44.533+0000] {logging_mixin.py:188} INFO - [2026-07-09T10:41:44.533+0000] {dag.py:3096} INFO - Sync 1 DAGs
[2026-07-09T10:41:44.550+0000] {logging_mixin.py:188} INFO - [2026-07-09T10:41:44.550+0000] {dag.py:3954} INFO - Setting next_dagrun for postgres_cdc_demo to 2026-07-08 00:00:00+00:00, run_after=2026-07-09 00:00:00+00:00
[2026-07-09T10:41:44.576+0000] {processor.py:183} INFO - Processing /opt/airflow/dags/cdc_demo_dag.py took 0.091 seconds
[2026-07-09T10:42:14.764+0000] {processor.py:161} INFO - Started process (PID=242) to work on /opt/airflow/dags/cdc_demo_dag.py
[2026-07-09T10:42:14.766+0000] {processor.py:830} INFO - Processing file /opt/airflow/dags/cdc_demo_dag.py for tasks to queue
[2026-07-09T10:42:14.768+0000] {logging_mixin.py:188} INFO - [2026-07-09T10:42:14.768+0000] {dagbag.py:545} INFO - Filling up the DagBag from /opt/airflow/dags/cdc_demo_dag.py
[2026-07-09T10:42:14.783+0000] {processor.py:840} INFO - DAG(s) 'postgres_cdc_demo' retrieved from /opt/airflow/dags/cdc_demo_dag.py
[2026-07-09T10:42:14.810+0000] {logging_mixin.py:188} INFO - [2026-07-09T10:42:14.810+0000] {dag.py:3096} INFO - Sync 1 DAGs
[2026-07-09T10:42:14.828+0000] {logging_mixin.py:188} INFO - [2026-07-09T10:42:14.828+0000] {dag.py:3954} INFO - Setting next_dagrun for postgres_cdc_demo to 2026-07-08 00:00:00+00:00, run_after=2026-07-09 00:00:00+00:00
[2026-07-09T10:42:14.857+0000] {processor.py:183} INFO - Processing /opt/airflow/dags/cdc_demo_dag.py took 0.111 seconds
[2026-07-09T10:42:44.951+0000] {processor.py:161} INFO - Started process (PID=247) to work on /opt/airflow/dags/cdc_demo_dag.py
[2026-07-09T10:42:44.960+0000] {processor.py:830} INFO - Processing file /opt/airflow/dags/cdc_demo_dag.py for tasks to queue
[2026-07-09T10:42:44.961+0000] {logging_mixin.py:188} INFO - [2026-07-09T10:42:44.961+0000] {dagbag.py:545} INFO - Filling up the DagBag from /opt/airflow/dags/cdc_demo_dag.py
[2026-07-09T10:42:44.970+0000] {processor.py:840} INFO - DAG(s) 'postgres_cdc_demo' retrieved from /opt/airflow/dags/cdc_demo_dag.py
[2026-07-09T10:42:44.997+0000] {logging_mixin.py:188} INFO - [2026-07-09T10:42:44.997+0000] {dag.py:3096} INFO - Sync 1 DAGs
[2026-07-09T10:42:45.014+0000] {logging_mixin.py:188} INFO - [2026-07-09T10:42:45.014+0000] {dag.py:3954} INFO - Setting next_dagrun for postgres_cdc_demo to 2026-07-08 00:00:00+00:00, run_after=2026-07-09 00:00:00+00:00
[2026-07-09T10:42:45.038+0000] {processor.py:183} INFO - Processing /opt/airflow/dags/cdc_demo_dag.py took 0.093 seconds
[2026-07-09T10:43:15.264+0000] {processor.py:161} INFO - Started process (PID=252) to work on /opt/airflow/dags/cdc_demo_dag.py
[2026-07-09T10:43:15.264+0000] {processor.py:830} INFO - Processing file /opt/airflow/dags/cdc_demo_dag.py for tasks to queue
[2026-07-09T10:43:15.266+0000] {logging_mixin.py:188} INFO - [2026-07-09T10:43:15.266+0000] {dagbag.py:545} INFO - Filling up the DagBag from /opt/airflow/dags/cdc_demo_dag.py
[2026-07-09T10:43:15.274+0000] {processor.py:840} INFO - DAG(s) 'postgres_cdc_demo' retrieved from /opt/airflow/dags/cdc_demo_dag.py
[2026-07-09T10:43:15.298+0000] {logging_mixin.py:188} INFO - [2026-07-09T10:43:15.298+0000] {dag.py:3096} INFO - Sync 1 DAGs
[2026-07-09T10:43:15.315+0000] {logging_mixin.py:188} INFO - [2026-07-09T10:43:15.315+0000] {dag.py:3954} INFO - Setting next_dagrun for postgres_cdc_demo to 2026-07-08 00:00:00+00:00, run_after=2026-07-09 00:00:00+00:00
[2026-07-09T10:43:15.344+0000] {processor.py:183} INFO - Processing /opt/airflow/dags/cdc_demo_dag.py took 0.084 seconds
[2026-07-09T10:43:45.475+0000] {processor.py:161} INFO - Started process (PID=257) to work on /opt/airflow/dags/cdc_demo_dag.py
[2026-07-09T10:43:45.482+0000] {processor.py:830} INFO - Processing file /opt/airflow/dags/cdc_demo_dag.py for tasks to queue
[2026-07-09T10:43:45.483+0000] {logging_mixin.py:188} INFO - [2026-07-09T10:43:45.483+0000] {dagbag.py:545} INFO - Filling up the DagBag from /opt/airflow/dags/cdc_demo_dag.py
[2026-07-09T10:43:45.492+0000] {processor.py:840} INFO - DAG(s) 'postgres_cdc_demo' retrieved from /opt/airflow/dags/cdc_demo_dag.py
[2026-07-09T10:43:45.520+0000] {logging_mixin.py:188} INFO - [2026-07-09T10:43:45.520+0000] {dag.py:3096} INFO - Sync 1 DAGs
[2026-07-09T10:43:45.538+0000] {logging_mixin.py:188} INFO - [2026-07-09T10:43:45.538+0000] {dag.py:3954} INFO - Setting next_dagrun for postgres_cdc_demo to 2026-07-08 00:00:00+00:00, run_after=2026-07-09 00:00:00+00:00
[2026-07-09T10:43:45.567+0000] {processor.py:183} INFO - Processing /opt/airflow/dags/cdc_demo_dag.py took 0.096 seconds
[2026-07-09T10:44:15.737+0000] {processor.py:161} INFO - Started process (PID=262) to work on /opt/airflow/dags/cdc_demo_dag.py
[2026-07-09T10:44:15.738+0000] {processor.py:830} INFO - Processing file /opt/airflow/dags/cdc_demo_dag.py for tasks to queue
[2026-07-09T10:44:15.739+0000] {logging_mixin.py:188} INFO - [2026-07-09T10:44:15.739+0000] {dagbag.py:545} INFO - Filling up the DagBag from /opt/airflow/dags/cdc_demo_dag.py
[2026-07-09T10:44:15.748+0000] {processor.py:840} INFO - DAG(s) 'postgres_cdc_demo' retrieved from /opt/airflow/dags/cdc_demo_dag.py
[2026-07-09T10:44:15.773+0000] {logging_mixin.py:188} INFO - [2026-07-09T10:44:15.773+0000] {dag.py:3096} INFO - Sync 1 DAGs
[2026-07-09T10:44:15.790+0000] {logging_mixin.py:188} INFO - [2026-07-09T10:44:15.790+0000] {dag.py:3954} INFO - Setting next_dagrun for postgres_cdc_demo to 2026-07-08 00:00:00+00:00, run_after=2026-07-09 00:00:00+00:00
[2026-07-09T10:44:15.810+0000] {processor.py:183} INFO - Processing /opt/airflow/dags/cdc_demo_dag.py took 0.077 seconds
[2026-07-09T10:44:45.946+0000] {processor.py:161} INFO - Started process (PID=267) to work on /opt/airflow/dags/cdc_demo_dag.py
[2026-07-09T10:44:45.953+0000] {processor.py:830} INFO - Processing file /opt/airflow/dags/cdc_demo_dag.py for tasks to queue
[2026-07-09T10:44:45.954+0000] {logging_mixin.py:188} INFO - [2026-07-09T10:44:45.954+0000] {dagbag.py:545} INFO - Filling up the DagBag from /opt/airflow/dags/cdc_demo_dag.py
[2026-07-09T10:44:45.964+0000] {processor.py:840} INFO - DAG(s) 'postgres_cdc_demo' retrieved from /opt/airflow/dags/cdc_demo_dag.py
[2026-07-09T10:44:45.992+0000] {logging_mixin.py:188} INFO - [2026-07-09T10:44:45.992+0000] {dag.py:3096} INFO - Sync 1 DAGs
[2026-07-09T10:44:46.009+0000] {logging_mixin.py:188} INFO - [2026-07-09T10:44:46.009+0000] {dag.py:3954} INFO - Setting next_dagrun for postgres_cdc_demo to 2026-07-08 00:00:00+00:00, run_after=2026-07-09 00:00:00+00:00
[2026-07-09T10:44:46.041+0000] {processor.py:183} INFO - Processing /opt/airflow/dags/cdc_demo_dag.py took 0.099 seconds
[2026-07-09T10:45:16.204+0000] {processor.py:161} INFO - Started process (PID=272) to work on /opt/airflow/dags/cdc_demo_dag.py
[2026-07-09T10:45:16.205+0000] {processor.py:830} INFO - Processing file /opt/airflow/dags/cdc_demo_dag.py for tasks to queue
[2026-07-09T10:45:16.206+0000] {logging_mixin.py:188} INFO - [2026-07-09T10:45:16.206+0000] {dagbag.py:545} INFO - Filling up the DagBag from /opt/airflow/dags/cdc_demo_dag.py
[2026-07-09T10:45:16.215+0000] {processor.py:840} INFO - DAG(s) 'postgres_cdc_demo' retrieved from /opt/airflow/dags/cdc_demo_dag.py
[2026-07-09T10:45:16.239+0000] {logging_mixin.py:188} INFO - [2026-07-09T10:45:16.239+0000] {dag.py:3096} INFO - Sync 1 DAGs
[2026-07-09T10:45:16.257+0000] {logging_mixin.py:188} INFO - [2026-07-09T10:45:16.257+0000] {dag.py:3954} INFO - Setting next_dagrun for postgres_cdc_demo to 2026-07-08 00:00:00+00:00, run_after=2026-07-09 00:00:00+00:00
[2026-07-09T10:45:16.279+0000] {processor.py:183} INFO - Processing /opt/airflow/dags/cdc_demo_dag.py took 0.079 seconds
[2026-07-09T10:45:46.418+0000] {processor.py:161} INFO - Started process (PID=277) to work on /opt/airflow/dags/cdc_demo_dag.py
[2026-07-09T10:45:46.534+0000] {processor.py:830} INFO - Processing file /opt/airflow/dags/cdc_demo_dag.py for tasks to queue
[2026-07-09T10:45:46.540+0000] {logging_mixin.py:188} INFO - [2026-07-09T10:45:46.539+0000] {dagbag.py:545} INFO - Filling up the DagBag from /opt/airflow/dags/cdc_demo_dag.py
[2026-07-09T10:45:46.570+0000] {processor.py:840} INFO - DAG(s) 'postgres_cdc_demo' retrieved from /opt/airflow/dags/cdc_demo_dag.py
[2026-07-09T10:45:46.601+0000] {logging_mixin.py:188} INFO - [2026-07-09T10:45:46.601+0000] {dag.py:3096} INFO - Sync 1 DAGs
[2026-07-09T10:45:46.619+0000] {logging_mixin.py:188} INFO - [2026-07-09T10:45:46.619+0000] {dag.py:3954} INFO - Setting next_dagrun for postgres_cdc_demo to 2026-07-08 00:00:00+00:00, run_after=2026-07-09 00:00:00+00:00
[2026-07-09T10:45:46.976+0000] {processor.py:183} INFO - Processing /opt/airflow/dags/cdc_demo_dag.py took 0.563 seconds
[2026-07-09T10:46:17.197+0000] {processor.py:161} INFO - Started process (PID=282) to work on /opt/airflow/dags/cdc_demo_dag.py
[2026-07-09T10:46:17.198+0000] {processor.py:830} INFO - Processing file /opt/airflow/dags/cdc_demo_dag.py for tasks to queue
[2026-07-09T10:46:17.199+0000] {logging_mixin.py:188} INFO - [2026-07-09T10:46:17.199+0000] {dagbag.py:545} INFO - Filling up the DagBag from /opt/airflow/dags/cdc_demo_dag.py
[2026-07-09T10:46:17.208+0000] {processor.py:840} INFO - DAG(s) 'postgres_cdc_demo' retrieved from /opt/airflow/dags/cdc_demo_dag.py
[2026-07-09T10:46:17.232+0000] {logging_mixin.py:188} INFO - [2026-07-09T10:46:17.232+0000] {dag.py:3096} INFO - Sync 1 DAGs
[2026-07-09T10:46:17.250+0000] {logging_mixin.py:188} INFO - [2026-07-09T10:46:17.249+0000] {dag.py:3954} INFO - Setting next_dagrun for postgres_cdc_demo to 2026-07-08 00:00:00+00:00, run_after=2026-07-09 00:00:00+00:00
[2026-07-09T10:46:17.276+0000] {processor.py:183} INFO - Processing /opt/airflow/dags/cdc_demo_dag.py took 0.084 seconds
[2026-07-09T10:46:47.387+0000] {processor.py:161} INFO - Started process (PID=287) to work on /opt/airflow/dags/cdc_demo_dag.py
[2026-07-09T10:46:47.419+0000] {processor.py:830} INFO - Processing file /opt/airflow/dags/cdc_demo_dag.py for tasks to queue
[2026-07-09T10:46:47.421+0000] {logging_mixin.py:188} INFO - [2026-07-09T10:46:47.421+0000] {dagbag.py:545} INFO - Filling up the DagBag from /opt/airflow/dags/cdc_demo_dag.py
[2026-07-09T10:46:47.441+0000] {processor.py:840} INFO - DAG(s) 'postgres_cdc_demo' retrieved from /opt/airflow/dags/cdc_demo_dag.py
[2026-07-09T10:46:47.483+0000] {logging_mixin.py:188} INFO - [2026-07-09T10:46:47.483+0000] {dag.py:3096} INFO - Sync 1 DAGs
[2026-07-09T10:46:47.501+0000] {logging_mixin.py:188} INFO - [2026-07-09T10:46:47.501+0000] {dag.py:3954} INFO - Setting next_dagrun for postgres_cdc_demo to 2026-07-08 00:00:00+00:00, run_after=2026-07-09 00:00:00+00:00
[2026-07-09T10:46:48.436+0000] {processor.py:183} INFO - Processing /opt/airflow/dags/cdc_demo_dag.py took 1.053 seconds
[2026-07-09T10:47:18.657+0000] {processor.py:161} INFO - Started process (PID=292) to work on /opt/airflow/dags/cdc_demo_dag.py
[2026-07-09T10:47:18.657+0000] {processor.py:830} INFO - Processing file /opt/airflow/dags/cdc_demo_dag.py for tasks to queue
[2026-07-09T10:47:18.658+0000] {logging_mixin.py:188} INFO - [2026-07-09T10:47:18.658+0000] {dagbag.py:545} INFO - Filling up the DagBag from /opt/airflow/dags/cdc_demo_dag.py
[2026-07-09T10:47:18.667+0000] {processor.py:840} INFO - DAG(s) 'postgres_cdc_demo' retrieved from /opt/airflow/dags/cdc_demo_dag.py
[2026-07-09T10:47:18.692+0000] {logging_mixin.py:188} INFO - [2026-07-09T10:47:18.692+0000] {dag.py:3096} INFO - Sync 1 DAGs
[2026-07-09T10:47:18.710+0000] {logging_mixin.py:188} INFO - [2026-07-09T10:47:18.710+0000] {dag.py:3954} INFO - Setting next_dagrun for postgres_cdc_demo to 2026-07-08 00:00:00+00:00, run_after=2026-07-09 00:00:00+00:00
[2026-07-09T10:47:19.849+0000] {processor.py:183} INFO - Processing /opt/airflow/dags/cdc_demo_dag.py took 1.197 seconds
[2026-07-09T10:47:50.050+0000] {processor.py:161} INFO - Started process (PID=297) to work on /opt/airflow/dags/cdc_demo_dag.py
[2026-07-09T10:47:50.076+0000] {processor.py:830} INFO - Processing file /opt/airflow/dags/cdc_demo_dag.py for tasks to queue
[2026-07-09T10:47:50.078+0000] {logging_mixin.py:188} INFO - [2026-07-09T10:47:50.078+0000] {dagbag.py:545} INFO - Filling up the DagBag from /opt/airflow/dags/cdc_demo_dag.py
[2026-07-09T10:47:50.088+0000] {processor.py:840} INFO - DAG(s) 'postgres_cdc_demo' retrieved from /opt/airflow/dags/cdc_demo_dag.py
[2026-07-09T10:47:50.113+0000] {logging_mixin.py:188} INFO - [2026-07-09T10:47:50.113+0000] {dag.py:3096} INFO - Sync 1 DAGs
[2026-07-09T10:47:50.130+0000] {logging_mixin.py:188} INFO - [2026-07-09T10:47:50.130+0000] {dag.py:3954} INFO - Setting next_dagrun for postgres_cdc_demo to 2026-07-08 00:00:00+00:00, run_after=2026-07-09 00:00:00+00:00
[2026-07-09T10:47:51.189+0000] {processor.py:183} INFO - Processing /opt/airflow/dags/cdc_demo_dag.py took 1.144 seconds
[2026-07-09T10:48:21.269+0000] {processor.py:161} INFO - Started process (PID=302) to work on /opt/airflow/dags/cdc_demo_dag.py
[2026-07-09T10:48:21.269+0000] {processor.py:830} INFO - Processing file /opt/airflow/dags/cdc_demo_dag.py for tasks to queue
[2026-07-09T10:48:21.270+0000] {logging_mixin.py:188} INFO - [2026-07-09T10:48:21.270+0000] {dagbag.py:545} INFO - Filling up the DagBag from /opt/airflow/dags/cdc_demo_dag.py
[2026-07-09T10:48:21.279+0000] {processor.py:840} INFO - DAG(s) 'postgres_cdc_demo' retrieved from /opt/airflow/dags/cdc_demo_dag.py
[2026-07-09T10:48:21.304+0000] {logging_mixin.py:188} INFO - [2026-07-09T10:48:21.304+0000] {dag.py:3096} INFO - Sync 1 DAGs
[2026-07-09T10:48:21.322+0000] {logging_mixin.py:188} INFO - [2026-07-09T10:48:21.321+0000] {dag.py:3954} INFO - Setting next_dagrun for postgres_cdc_demo to 2026-07-08 00:00:00+00:00, run_after=2026-07-09 00:00:00+00:00
[2026-07-09T10:48:21.346+0000] {processor.py:183} INFO - Processing /opt/airflow/dags/cdc_demo_dag.py took 0.082 seconds
[2026-07-09T10:48:51.468+0000] {processor.py:161} INFO - Started process (PID=307) to work on /opt/airflow/dags/cdc_demo_dag.py
[2026-07-09T10:48:51.478+0000] {processor.py:830} INFO - Processing file /opt/airflow/dags/cdc_demo_dag.py for tasks to queue
[2026-07-09T10:48:51.479+0000] {logging_mixin.py:188} INFO - [2026-07-09T10:48:51.479+0000] {dagbag.py:545} INFO - Filling up the DagBag from /opt/airflow/dags/cdc_demo_dag.py
[2026-07-09T10:48:51.489+0000] {processor.py:840} INFO - DAG(s) 'postgres_cdc_demo' retrieved from /opt/airflow/dags/cdc_demo_dag.py
[2026-07-09T10:48:51.518+0000] {logging_mixin.py:188} INFO - [2026-07-09T10:48:51.518+0000] {dag.py:3096} INFO - Sync 1 DAGs
[2026-07-09T10:48:51.539+0000] {logging_mixin.py:188} INFO - [2026-07-09T10:48:51.538+0000] {dag.py:3954} INFO - Setting next_dagrun for postgres_cdc_demo to 2026-07-08 00:00:00+00:00, run_after=2026-07-09 00:00:00+00:00
[2026-07-09T10:48:51.564+0000] {processor.py:183} INFO - Processing /opt/airflow/dags/cdc_demo_dag.py took 0.100 seconds
[2026-07-09T10:49:21.755+0000] {processor.py:161} INFO - Started process (PID=312) to work on /opt/airflow/dags/cdc_demo_dag.py
[2026-07-09T10:49:21.755+0000] {processor.py:830} INFO - Processing file /opt/airflow/dags/cdc_demo_dag.py for tasks to queue
[2026-07-09T10:49:21.756+0000] {logging_mixin.py:188} INFO - [2026-07-09T10:49:21.756+0000] {dagbag.py:545} INFO - Filling up the DagBag from /opt/airflow/dags/cdc_demo_dag.py
[2026-07-09T10:49:21.765+0000] {processor.py:840} INFO - DAG(s) 'postgres_cdc_demo' retrieved from /opt/airflow/dags/cdc_demo_dag.py
[2026-07-09T10:49:21.789+0000] {logging_mixin.py:188} INFO - [2026-07-09T10:49:21.789+0000] {dag.py:3096} INFO - Sync 1 DAGs
[2026-07-09T10:49:21.807+0000] {logging_mixin.py:188} INFO - [2026-07-09T10:49:21.806+0000] {dag.py:3954} INFO - Setting next_dagrun for postgres_cdc_demo to 2026-07-08 00:00:00+00:00, run_after=2026-07-09 00:00:00+00:00
[2026-07-09T10:49:21.833+0000] {processor.py:183} INFO - Processing /opt/airflow/dags/cdc_demo_dag.py took 0.083 seconds
[2026-07-09T10:49:51.964+0000] {processor.py:161} INFO - Started process (PID=317) to work on /opt/airflow/dags/cdc_demo_dag.py
[2026-07-09T10:49:51.974+0000] {processor.py:830} INFO - Processing file /opt/airflow/dags/cdc_demo_dag.py for tasks to queue
[2026-07-09T10:49:51.976+0000] {logging_mixin.py:188} INFO - [2026-07-09T10:49:51.976+0000] {dagbag.py:545} INFO - Filling up the DagBag from /opt/airflow/dags/cdc_demo_dag.py
[2026-07-09T10:49:51.986+0000] {processor.py:840} INFO - DAG(s) 'postgres_cdc_demo' retrieved from /opt/airflow/dags/cdc_demo_dag.py
[2026-07-09T10:49:52.018+0000] {logging_mixin.py:188} INFO - [2026-07-09T10:49:52.017+0000] {dag.py:3096} INFO - Sync 1 DAGs
[2026-07-09T10:49:52.037+0000] {logging_mixin.py:188} INFO - [2026-07-09T10:49:52.037+0000] {dag.py:3954} INFO - Setting next_dagrun for postgres_cdc_demo to 2026-07-08 00:00:00+00:00, run_after=2026-07-09 00:00:00+00:00
[2026-07-09T10:49:52.060+0000] {processor.py:183} INFO - Processing /opt/airflow/dags/cdc_demo_dag.py took 0.100 seconds
[2026-07-09T10:50:22.232+0000] {processor.py:161} INFO - Started process (PID=322) to work on /opt/airflow/dags/cdc_demo_dag.py
[2026-07-09T10:50:22.232+0000] {processor.py:830} INFO - Processing file /opt/airflow/dags/cdc_demo_dag.py for tasks to queue
[2026-07-09T10:50:22.234+0000] {logging_mixin.py:188} INFO - [2026-07-09T10:50:22.234+0000] {dagbag.py:545} INFO - Filling up the DagBag from /opt/airflow/dags/cdc_demo_dag.py
[2026-07-09T10:50:22.243+0000] {processor.py:840} INFO - DAG(s) 'postgres_cdc_demo' retrieved from /opt/airflow/dags/cdc_demo_dag.py
[2026-07-09T10:50:22.268+0000] {logging_mixin.py:188} INFO - [2026-07-09T10:50:22.268+0000] {dag.py:3096} INFO - Sync 1 DAGs
[2026-07-09T10:50:22.286+0000] {logging_mixin.py:188} INFO - [2026-07-09T10:50:22.286+0000] {dag.py:3954} INFO - Setting next_dagrun for postgres_cdc_demo to 2026-07-08 00:00:00+00:00, run_after=2026-07-09 00:00:00+00:00
[2026-07-09T10:50:22.326+0000] {processor.py:183} INFO - Processing /opt/airflow/dags/cdc_demo_dag.py took 0.099 seconds
[2026-07-09T10:50:52.434+0000] {processor.py:161} INFO - Started process (PID=327) to work on /opt/airflow/dags/cdc_demo_dag.py
[2026-07-09T10:50:52.682+0000] {processor.py:830} INFO - Processing file /opt/airflow/dags/cdc_demo_dag.py for tasks to queue
[2026-07-09T10:50:52.689+0000] {logging_mixin.py:188} INFO - [2026-07-09T10:50:52.688+0000] {dagbag.py:545} INFO - Filling up the DagBag from /opt/airflow/dags/cdc_demo_dag.py
[2026-07-09T10:50:52.724+0000] {processor.py:840} INFO - DAG(s) 'postgres_cdc_demo' retrieved from /opt/airflow/dags/cdc_demo_dag.py
[2026-07-09T10:50:52.757+0000] {logging_mixin.py:188} INFO - [2026-07-09T10:50:52.757+0000] {dag.py:3096} INFO - Sync 1 DAGs
[2026-07-09T10:50:52.774+0000] {logging_mixin.py:188} INFO - [2026-07-09T10:50:52.774+0000] {dag.py:3954} INFO - Setting next_dagrun for postgres_cdc_demo to 2026-07-08 00:00:00+00:00, run_after=2026-07-09 00:00:00+00:00
[2026-07-09T10:50:52.842+0000] {processor.py:183} INFO - Processing /opt/airflow/dags/cdc_demo_dag.py took 0.413 seconds
[2026-07-09T10:51:23.055+0000] {processor.py:161} INFO - Started process (PID=332) to work on /opt/airflow/dags/cdc_demo_dag.py
[2026-07-09T10:51:23.056+0000] {processor.py:830} INFO - Processing file /opt/airflow/dags/cdc_demo_dag.py for tasks to queue
[2026-07-09T10:51:23.057+0000] {logging_mixin.py:188} INFO - [2026-07-09T10:51:23.057+0000] {dagbag.py:545} INFO - Filling up the DagBag from /opt/airflow/dags/cdc_demo_dag.py
[2026-07-09T10:51:23.066+0000] {processor.py:840} INFO - DAG(s) 'postgres_cdc_demo' retrieved from /opt/airflow/dags/cdc_demo_dag.py
[2026-07-09T10:51:23.091+0000] {logging_mixin.py:188} INFO - [2026-07-09T10:51:23.090+0000] {dag.py:3096} INFO - Sync 1 DAGs
[2026-07-09T10:51:23.108+0000] {logging_mixin.py:188} INFO - [2026-07-09T10:51:23.108+0000] {dag.py:3954} INFO - Setting next_dagrun for postgres_cdc_demo to 2026-07-08 00:00:00+00:00, run_after=2026-07-09 00:00:00+00:00
[2026-07-09T10:51:23.135+0000] {processor.py:183} INFO - Processing /opt/airflow/dags/cdc_demo_dag.py took 0.085 seconds
[2026-07-09T10:51:53.256+0000] {processor.py:161} INFO - Started process (PID=337) to work on /opt/airflow/dags/cdc_demo_dag.py
[2026-07-09T10:51:53.265+0000] {processor.py:830} INFO - Processing file /opt/airflow/dags/cdc_demo_dag.py for tasks to queue
[2026-07-09T10:51:53.267+0000] {logging_mixin.py:188} INFO - [2026-07-09T10:51:53.266+0000] {dagbag.py:545} INFO - Filling up the DagBag from /opt/airflow/dags/cdc_demo_dag.py
[2026-07-09T10:51:53.276+0000] {processor.py:840} INFO - DAG(s) 'postgres_cdc_demo' retrieved from /opt/airflow/dags/cdc_demo_dag.py
[2026-07-09T10:51:53.304+0000] {logging_mixin.py:188} INFO - [2026-07-09T10:51:53.304+0000] {dag.py:3096} INFO - Sync 1 DAGs
[2026-07-09T10:51:53.322+0000] {logging_mixin.py:188} INFO - [2026-07-09T10:51:53.321+0000] {dag.py:3954} INFO - Setting next_dagrun for postgres_cdc_demo to 2026-07-08 00:00:00+00:00, run_after=2026-07-09 00:00:00+00:00
[2026-07-09T10:51:53.372+0000] {processor.py:183} INFO - Processing /opt/airflow/dags/cdc_demo_dag.py took 0.120 seconds
[2026-07-09T10:52:23.509+0000] {processor.py:161} INFO - Started process (PID=342) to work on /opt/airflow/dags/cdc_demo_dag.py
[2026-07-09T10:52:23.510+0000] {processor.py:830} INFO - Processing file /opt/airflow/dags/cdc_demo_dag.py for tasks to queue
[2026-07-09T10:52:23.512+0000] {logging_mixin.py:188} INFO - [2026-07-09T10:52:23.512+0000] {dagbag.py:545} INFO - Filling up the DagBag from /opt/airflow/dags/cdc_demo_dag.py
[2026-07-09T10:52:23.521+0000] {processor.py:840} INFO - DAG(s) 'postgres_cdc_demo' retrieved from /opt/airflow/dags/cdc_demo_dag.py
[2026-07-09T10:52:23.546+0000] {logging_mixin.py:188} INFO - [2026-07-09T10:52:23.546+0000] {dag.py:3096} INFO - Sync 1 DAGs
[2026-07-09T10:52:23.563+0000] {logging_mixin.py:188} INFO - [2026-07-09T10:52:23.563+0000] {dag.py:3954} INFO - Setting next_dagrun for postgres_cdc_demo to 2026-07-08 00:00:00+00:00, run_after=2026-07-09 00:00:00+00:00
[2026-07-09T10:52:23.589+0000] {processor.py:183} INFO - Processing /opt/airflow/dags/cdc_demo_dag.py took 0.085 seconds
[2026-07-09T10:52:53.761+0000] {processor.py:161} INFO - Started process (PID=347) to work on /opt/airflow/dags/cdc_demo_dag.py
[2026-07-09T10:52:53.762+0000] {processor.py:830} INFO - Processing file /opt/airflow/dags/cdc_demo_dag.py for tasks to queue
[2026-07-09T10:52:53.763+0000] {logging_mixin.py:188} INFO - [2026-07-09T10:52:53.763+0000] {dagbag.py:545} INFO - Filling up the DagBag from /opt/airflow/dags/cdc_demo_dag.py
[2026-07-09T10:52:53.772+0000] {processor.py:840} INFO - DAG(s) 'postgres_cdc_demo' retrieved from /opt/airflow/dags/cdc_demo_dag.py
[2026-07-09T10:52:53.796+0000] {logging_mixin.py:188} INFO - [2026-07-09T10:52:53.796+0000] {dag.py:3096} INFO - Sync 1 DAGs
[2026-07-09T10:52:53.814+0000] {logging_mixin.py:188} INFO - [2026-07-09T10:52:53.814+0000] {dag.py:3954} INFO - Setting next_dagrun for postgres_cdc_demo to 2026-07-08 00:00:00+00:00, run_after=2026-07-09 00:00:00+00:00
[2026-07-09T10:52:53.836+0000] {processor.py:183} INFO - Processing /opt/airflow/dags/cdc_demo_dag.py took 0.079 seconds
[2026-07-09T10:53:23.966+0000] {processor.py:161} INFO - Started process (PID=352) to work on /opt/airflow/dags/cdc_demo_dag.py
[2026-07-09T10:53:23.969+0000] {processor.py:830} INFO - Processing file /opt/airflow/dags/cdc_demo_dag.py for tasks to queue
[2026-07-09T10:53:23.971+0000] {logging_mixin.py:188} INFO - [2026-07-09T10:53:23.970+0000] {dagbag.py:545} INFO - Filling up the DagBag from /opt/airflow/dags/cdc_demo_dag.py
[2026-07-09T10:53:23.980+0000] {processor.py:840} INFO - DAG(s) 'postgres_cdc_demo' retrieved from /opt/airflow/dags/cdc_demo_dag.py
[2026-07-09T10:53:24.006+0000] {logging_mixin.py:188} INFO - [2026-07-09T10:53:24.006+0000] {dag.py:3096} INFO - Sync 1 DAGs
[2026-07-09T10:53:24.024+0000] {logging_mixin.py:188} INFO - [2026-07-09T10:53:24.024+0000] {dag.py:3954} INFO - Setting next_dagrun for postgres_cdc_demo to 2026-07-08 00:00:00+00:00, run_after=2026-07-09 00:00:00+00:00
[2026-07-09T10:53:24.047+0000] {processor.py:183} INFO - Processing /opt/airflow/dags/cdc_demo_dag.py took 0.086 seconds
[2026-07-09T10:53:54.234+0000] {processor.py:161} INFO - Started process (PID=357) to work on /opt/airflow/dags/cdc_demo_dag.py
[2026-07-09T10:53:54.235+0000] {processor.py:830} INFO - Processing file /opt/airflow/dags/cdc_demo_dag.py for tasks to queue
[2026-07-09T10:53:54.237+0000] {logging_mixin.py:188} INFO - [2026-07-09T10:53:54.236+0000] {dagbag.py:545} INFO - Filling up the DagBag from /opt/airflow/dags/cdc_demo_dag.py
[2026-07-09T10:53:54.245+0000] {processor.py:840} INFO - DAG(s) 'postgres_cdc_demo' retrieved from /opt/airflow/dags/cdc_demo_dag.py
[2026-07-09T10:53:54.270+0000] {logging_mixin.py:188} INFO - [2026-07-09T10:53:54.270+0000] {dag.py:3096} INFO - Sync 1 DAGs
[2026-07-09T10:53:54.287+0000] {logging_mixin.py:188} INFO - [2026-07-09T10:53:54.287+0000] {dag.py:3954} INFO - Setting next_dagrun for postgres_cdc_demo to 2026-07-08 00:00:00+00:00, run_after=2026-07-09 00:00:00+00:00
[2026-07-09T10:53:54.309+0000] {processor.py:183} INFO - Processing /opt/airflow/dags/cdc_demo_dag.py took 0.079 seconds
[2026-07-09T10:54:24.455+0000] {processor.py:161} INFO - Started process (PID=362) to work on /opt/airflow/dags/cdc_demo_dag.py
[2026-07-09T10:54:24.466+0000] {processor.py:830} INFO - Processing file /opt/airflow/dags/cdc_demo_dag.py for tasks to queue
[2026-07-09T10:54:24.468+0000] {logging_mixin.py:188} INFO - [2026-07-09T10:54:24.467+0000] {dagbag.py:545} INFO - Filling up the DagBag from /opt/airflow/dags/cdc_demo_dag.py
[2026-07-09T10:54:24.478+0000] {processor.py:840} INFO - DAG(s) 'postgres_cdc_demo' retrieved from /opt/airflow/dags/cdc_demo_dag.py
[2026-07-09T10:54:24.507+0000] {logging_mixin.py:188} INFO - [2026-07-09T10:54:24.507+0000] {dag.py:3096} INFO - Sync 1 DAGs
[2026-07-09T10:54:24.525+0000] {logging_mixin.py:188} INFO - [2026-07-09T10:54:24.525+0000] {dag.py:3954} INFO - Setting next_dagrun for postgres_cdc_demo to 2026-07-08 00:00:00+00:00, run_after=2026-07-09 00:00:00+00:00
[2026-07-09T10:54:24.549+0000] {processor.py:183} INFO - Processing /opt/airflow/dags/cdc_demo_dag.py took 0.098 seconds
[2026-07-09T10:54:54.705+0000] {processor.py:161} INFO - Started process (PID=367) to work on /opt/airflow/dags/cdc_demo_dag.py
[2026-07-09T10:54:54.705+0000] {processor.py:830} INFO - Processing file /opt/airflow/dags/cdc_demo_dag.py for tasks to queue
[2026-07-09T10:54:54.707+0000] {logging_mixin.py:188} INFO - [2026-07-09T10:54:54.706+0000] {dagbag.py:545} INFO - Filling up the DagBag from /opt/airflow/dags/cdc_demo_dag.py
[2026-07-09T10:54:54.715+0000] {processor.py:840} INFO - DAG(s) 'postgres_cdc_demo' retrieved from /opt/airflow/dags/cdc_demo_dag.py
[2026-07-09T10:54:54.740+0000] {logging_mixin.py:188} INFO - [2026-07-09T10:54:54.739+0000] {dag.py:3096} INFO - Sync 1 DAGs
[2026-07-09T10:54:54.757+0000] {logging_mixin.py:188} INFO - [2026-07-09T10:54:54.757+0000] {dag.py:3954} INFO - Setting next_dagrun for postgres_cdc_demo to 2026-07-08 00:00:00+00:00, run_after=2026-07-09 00:00:00+00:00
[2026-07-09T10:54:54.781+0000] {processor.py:183} INFO - Processing /opt/airflow/dags/cdc_demo_dag.py took 0.080 seconds
[2026-07-09T10:55:24.945+0000] {processor.py:161} INFO - Started process (PID=372) to work on /opt/airflow/dags/cdc_demo_dag.py
[2026-07-09T10:55:24.953+0000] {processor.py:830} INFO - Processing file /opt/airflow/dags/cdc_demo_dag.py for tasks to queue
[2026-07-09T10:55:24.954+0000] {logging_mixin.py:188} INFO - [2026-07-09T10:55:24.954+0000] {dagbag.py:545} INFO - Filling up the DagBag from /opt/airflow/dags/cdc_demo_dag.py
[2026-07-09T10:55:24.964+0000] {processor.py:840} INFO - DAG(s) 'postgres_cdc_demo' retrieved from /opt/airflow/dags/cdc_demo_dag.py
[2026-07-09T10:55:24.990+0000] {logging_mixin.py:188} INFO - [2026-07-09T10:55:24.990+0000] {dag.py:3096} INFO - Sync 1 DAGs
[2026-07-09T10:55:25.008+0000] {logging_mixin.py:188} INFO - [2026-07-09T10:55:25.007+0000] {dag.py:3954} INFO - Setting next_dagrun for postgres_cdc_demo to 2026-07-08 00:00:00+00:00, run_after=2026-07-09 00:00:00+00:00
[2026-07-09T10:55:25.030+0000] {processor.py:183} INFO - Processing /opt/airflow/dags/cdc_demo_dag.py took 0.090 seconds
[2026-07-09T10:55:55.167+0000] {processor.py:161} INFO - Started process (PID=377) to work on /opt/airflow/dags/cdc_demo_dag.py
[2026-07-09T10:55:55.168+0000] {processor.py:830} INFO - Processing file /opt/airflow/dags/cdc_demo_dag.py for tasks to queue
[2026-07-09T10:55:55.169+0000] {logging_mixin.py:188} INFO - [2026-07-09T10:55:55.169+0000] {dagbag.py:545} INFO - Filling up the DagBag from /opt/airflow/dags/cdc_demo_dag.py
[2026-07-09T10:55:55.178+0000] {processor.py:840} INFO - DAG(s) 'postgres_cdc_demo' retrieved from /opt/airflow/dags/cdc_demo_dag.py
[2026-07-09T10:55:55.202+0000] {logging_mixin.py:188} INFO - [2026-07-09T10:55:55.202+0000] {dag.py:3096} INFO - Sync 1 DAGs
[2026-07-09T10:55:55.220+0000] {logging_mixin.py:188} INFO - [2026-07-09T10:55:55.220+0000] {dag.py:3954} INFO - Setting next_dagrun for postgres_cdc_demo to 2026-07-08 00:00:00+00:00, run_after=2026-07-09 00:00:00+00:00
[2026-07-09T10:55:56.312+0000] {processor.py:183} INFO - Processing /opt/airflow/dags/cdc_demo_dag.py took 1.149 seconds
[2026-07-09T10:56:26.418+0000] {processor.py:161} INFO - Started process (PID=382) to work on /opt/airflow/dags/cdc_demo_dag.py
[2026-07-09T10:56:26.588+0000] {processor.py:830} INFO - Processing file /opt/airflow/dags/cdc_demo_dag.py for tasks to queue
[2026-07-09T10:56:26.593+0000] {logging_mixin.py:188} INFO - [2026-07-09T10:56:26.592+0000] {dagbag.py:545} INFO - Filling up the DagBag from /opt/airflow/dags/cdc_demo_dag.py
[2026-07-09T10:56:26.626+0000] {processor.py:840} INFO - DAG(s) 'postgres_cdc_demo' retrieved from /opt/airflow/dags/cdc_demo_dag.py
[2026-07-09T10:56:26.660+0000] {logging_mixin.py:188} INFO - [2026-07-09T10:56:26.660+0000] {dag.py:3096} INFO - Sync 1 DAGs
[2026-07-09T10:56:26.682+0000] {logging_mixin.py:188} INFO - [2026-07-09T10:56:26.681+0000] {dag.py:3954} INFO - Setting next_dagrun for postgres_cdc_demo to 2026-07-08 00:00:00+00:00, run_after=2026-07-09 00:00:00+00:00
[2026-07-09T10:56:26.736+0000] {processor.py:183} INFO - Processing /opt/airflow/dags/cdc_demo_dag.py took 0.323 seconds
[2026-07-09T10:56:56.933+0000] {processor.py:161} INFO - Started process (PID=387) to work on /opt/airflow/dags/cdc_demo_dag.py
[2026-07-09T10:56:56.934+0000] {processor.py:830} INFO - Processing file /opt/airflow/dags/cdc_demo_dag.py for tasks to queue
[2026-07-09T10:56:56.935+0000] {logging_mixin.py:188} INFO - [2026-07-09T10:56:56.935+0000] {dagbag.py:545} INFO - Filling up the DagBag from /opt/airflow/dags/cdc_demo_dag.py
[2026-07-09T10:56:56.944+0000] {processor.py:840} INFO - DAG(s) 'postgres_cdc_demo' retrieved from /opt/airflow/dags/cdc_demo_dag.py
[2026-07-09T10:56:56.969+0000] {logging_mixin.py:188} INFO - [2026-07-09T10:56:56.968+0000] {dag.py:3096} INFO - Sync 1 DAGs
[2026-07-09T10:56:56.986+0000] {logging_mixin.py:188} INFO - [2026-07-09T10:56:56.986+0000] {dag.py:3954} INFO - Setting next_dagrun for postgres_cdc_demo to 2026-07-08 00:00:00+00:00, run_after=2026-07-09 00:00:00+00:00
[2026-07-09T10:56:57.006+0000] {processor.py:183} INFO - Processing /opt/airflow/dags/cdc_demo_dag.py took 0.077 seconds
[2026-07-09T10:57:27.141+0000] {processor.py:161} INFO - Started process (PID=392) to work on /opt/airflow/dags/cdc_demo_dag.py
[2026-07-09T10:57:27.147+0000] {processor.py:830} INFO - Processing file /opt/airflow/dags/cdc_demo_dag.py for tasks to queue
[2026-07-09T10:57:27.148+0000] {logging_mixin.py:188} INFO - [2026-07-09T10:57:27.148+0000] {dagbag.py:545} INFO - Filling up the DagBag from /opt/airflow/dags/cdc_demo_dag.py
[2026-07-09T10:57:27.157+0000] {processor.py:840} INFO - DAG(s) 'postgres_cdc_demo' retrieved from /opt/airflow/dags/cdc_demo_dag.py
[2026-07-09T10:57:27.182+0000] {logging_mixin.py:188} INFO - [2026-07-09T10:57:27.182+0000] {dag.py:3096} INFO - Sync 1 DAGs
[2026-07-09T10:57:27.199+0000] {logging_mixin.py:188} INFO - [2026-07-09T10:57:27.199+0000] {dag.py:3954} INFO - Setting next_dagrun for postgres_cdc_demo to 2026-07-08 00:00:00+00:00, run_after=2026-07-09 00:00:00+00:00
[2026-07-09T10:57:27.229+0000] {processor.py:183} INFO - Processing /opt/airflow/dags/cdc_demo_dag.py took 0.092 seconds
[2026-07-09T10:57:57.393+0000] {processor.py:161} INFO - Started process (PID=397) to work on /opt/airflow/dags/cdc_demo_dag.py
[2026-07-09T10:57:57.393+0000] {processor.py:830} INFO - Processing file /opt/airflow/dags/cdc_demo_dag.py for tasks to queue
[2026-07-09T10:57:57.395+0000] {logging_mixin.py:188} INFO - [2026-07-09T10:57:57.394+0000] {dagbag.py:545} INFO - Filling up the DagBag from /opt/airflow/dags/cdc_demo_dag.py
[2026-07-09T10:57:57.403+0000] {processor.py:840} INFO - DAG(s) 'postgres_cdc_demo' retrieved from /opt/airflow/dags/cdc_demo_dag.py
[2026-07-09T10:57:57.428+0000] {logging_mixin.py:188} INFO - [2026-07-09T10:57:57.428+0000] {dag.py:3096} INFO - Sync 1 DAGs
[2026-07-09T10:57:57.446+0000] {logging_mixin.py:188} INFO - [2026-07-09T10:57:57.445+0000] {dag.py:3954} INFO - Setting next_dagrun for postgres_cdc_demo to 2026-07-08 00:00:00+00:00, run_after=2026-07-09 00:00:00+00:00
[2026-07-09T10:57:57.488+0000] {processor.py:183} INFO - Processing /opt/airflow/dags/cdc_demo_dag.py took 0.099 seconds
[2026-07-09T10:58:27.602+0000] {processor.py:161} INFO - Started process (PID=402) to work on /opt/airflow/dags/cdc_demo_dag.py
[2026-07-09T10:58:27.611+0000] {processor.py:830} INFO - Processing file /opt/airflow/dags/cdc_demo_dag.py for tasks to queue
[2026-07-09T10:58:27.612+0000] {logging_mixin.py:188} INFO - [2026-07-09T10:58:27.612+0000] {dagbag.py:545} INFO - Filling up the DagBag from /opt/airflow/dags/cdc_demo_dag.py
[2026-07-09T10:58:27.623+0000] {processor.py:840} INFO - DAG(s) 'postgres_cdc_demo' retrieved from /opt/airflow/dags/cdc_demo_dag.py
[2026-07-09T10:58:27.654+0000] {logging_mixin.py:188} INFO - [2026-07-09T10:58:27.653+0000] {dag.py:3096} INFO - Sync 1 DAGs
[2026-07-09T10:58:27.673+0000] {logging_mixin.py:188} INFO - [2026-07-09T10:58:27.673+0000] {dag.py:3954} INFO - Setting next_dagrun for postgres_cdc_demo to 2026-07-08 00:00:00+00:00, run_after=2026-07-09 00:00:00+00:00
[2026-07-09T10:58:27.698+0000] {processor.py:183} INFO - Processing /opt/airflow/dags/cdc_demo_dag.py took 0.101 seconds
[2026-07-09T10:58:57.879+0000] {processor.py:161} INFO - Started process (PID=407) to work on /opt/airflow/dags/cdc_demo_dag.py
[2026-07-09T10:58:57.880+0000] {processor.py:830} INFO - Processing file /opt/airflow/dags/cdc_demo_dag.py for tasks to queue
[2026-07-09T10:58:57.881+0000] {logging_mixin.py:188} INFO - [2026-07-09T10:58:57.881+0000] {dagbag.py:545} INFO - Filling up the DagBag from /opt/airflow/dags/cdc_demo_dag.py
[2026-07-09T10:58:57.891+0000] {processor.py:840} INFO - DAG(s) 'postgres_cdc_demo' retrieved from /opt/airflow/dags/cdc_demo_dag.py
[2026-07-09T10:58:57.916+0000] {logging_mixin.py:188} INFO - [2026-07-09T10:58:57.916+0000] {dag.py:3096} INFO - Sync 1 DAGs
[2026-07-09T10:58:57.935+0000] {logging_mixin.py:188} INFO - [2026-07-09T10:58:57.934+0000] {dag.py:3954} INFO - Setting next_dagrun for postgres_cdc_demo to 2026-07-08 00:00:00+00:00, run_after=2026-07-09 00:00:00+00:00
[2026-07-09T10:58:57.960+0000] {processor.py:183} INFO - Processing /opt/airflow/dags/cdc_demo_dag.py took 0.085 seconds
[2026-07-09T10:59:28.101+0000] {processor.py:161} INFO - Started process (PID=412) to work on /opt/airflow/dags/cdc_demo_dag.py
[2026-07-09T10:59:28.101+0000] {processor.py:830} INFO - Processing file /opt/airflow/dags/cdc_demo_dag.py for tasks to queue
[2026-07-09T10:59:28.102+0000] {logging_mixin.py:188} INFO - [2026-07-09T10:59:28.102+0000] {dagbag.py:545} INFO - Filling up the DagBag from /opt/airflow/dags/cdc_demo_dag.py
[2026-07-09T10:59:28.111+0000] {processor.py:840} INFO - DAG(s) 'postgres_cdc_demo' retrieved from /opt/airflow/dags/cdc_demo_dag.py
[2026-07-09T10:59:28.137+0000] {logging_mixin.py:188} INFO - [2026-07-09T10:59:28.137+0000] {dag.py:3096} INFO - Sync 1 DAGs
[2026-07-09T10:59:28.155+0000] {logging_mixin.py:188} INFO - [2026-07-09T10:59:28.155+0000] {dag.py:3954} INFO - Setting next_dagrun for postgres_cdc_demo to 2026-07-08 00:00:00+00:00, run_after=2026-07-09 00:00:00+00:00
[2026-07-09T10:59:28.177+0000] {processor.py:183} INFO - Processing /opt/airflow/dags/cdc_demo_dag.py took 0.081 seconds
[2026-07-09T10:59:58.348+0000] {processor.py:161} INFO - Started process (PID=417) to work on /opt/airflow/dags/cdc_demo_dag.py
[2026-07-09T10:59:58.354+0000] {processor.py:830} INFO - Processing file /opt/airflow/dags/cdc_demo_dag.py for tasks to queue
[2026-07-09T10:59:58.356+0000] {logging_mixin.py:188} INFO - [2026-07-09T10:59:58.355+0000] {dagbag.py:545} INFO - Filling up the DagBag from /opt/airflow/dags/cdc_demo_dag.py
[2026-07-09T10:59:58.365+0000] {processor.py:840} INFO - DAG(s) 'postgres_cdc_demo' retrieved from /opt/airflow/dags/cdc_demo_dag.py
[2026-07-09T10:59:58.390+0000] {logging_mixin.py:188} INFO - [2026-07-09T10:59:58.390+0000] {dag.py:3096} INFO - Sync 1 DAGs
[2026-07-09T10:59:58.407+0000] {logging_mixin.py:188} INFO - [2026-07-09T10:59:58.407+0000] {dag.py:3954} INFO - Setting next_dagrun for postgres_cdc_demo to 2026-07-08 00:00:00+00:00, run_after=2026-07-09 00:00:00+00:00
[2026-07-09T10:59:58.433+0000] {processor.py:183} INFO - Processing /opt/airflow/dags/cdc_demo_dag.py took 0.089 seconds
[2026-07-09T11:00:28.553+0000] {processor.py:161} INFO - Started process (PID=422) to work on /opt/airflow/dags/cdc_demo_dag.py
[2026-07-09T11:00:28.554+0000] {processor.py:830} INFO - Processing file /opt/airflow/dags/cdc_demo_dag.py for tasks to queue
[2026-07-09T11:00:28.555+0000] {logging_mixin.py:188} INFO - [2026-07-09T11:00:28.555+0000] {dagbag.py:545} INFO - Filling up the DagBag from /opt/airflow/dags/cdc_demo_dag.py
[2026-07-09T11:00:28.564+0000] {processor.py:840} INFO - DAG(s) 'postgres_cdc_demo' retrieved from /opt/airflow/dags/cdc_demo_dag.py
[2026-07-09T11:00:28.590+0000] {logging_mixin.py:188} INFO - [2026-07-09T11:00:28.590+0000] {dag.py:3096} INFO - Sync 1 DAGs
[2026-07-09T11:00:28.607+0000] {logging_mixin.py:188} INFO - [2026-07-09T11:00:28.607+0000] {dag.py:3954} INFO - Setting next_dagrun for postgres_cdc_demo to 2026-07-08 00:00:00+00:00, run_after=2026-07-09 00:00:00+00:00
[2026-07-09T11:00:28.634+0000] {processor.py:183} INFO - Processing /opt/airflow/dags/cdc_demo_dag.py took 0.085 seconds
[2026-07-09T11:00:58.824+0000] {processor.py:161} INFO - Started process (PID=427) to work on /opt/airflow/dags/cdc_demo_dag.py
[2026-07-09T11:00:58.831+0000] {processor.py:830} INFO - Processing file /opt/airflow/dags/cdc_demo_dag.py for tasks to queue
[2026-07-09T11:00:58.832+0000] {logging_mixin.py:188} INFO - [2026-07-09T11:00:58.832+0000] {dagbag.py:545} INFO - Filling up the DagBag from /opt/airflow/dags/cdc_demo_dag.py
[2026-07-09T11:00:58.841+0000] {processor.py:840} INFO - DAG(s) 'postgres_cdc_demo' retrieved from /opt/airflow/dags/cdc_demo_dag.py
[2026-07-09T11:00:58.865+0000] {logging_mixin.py:188} INFO - [2026-07-09T11:00:58.865+0000] {dag.py:3096} INFO - Sync 1 DAGs
[2026-07-09T11:00:58.883+0000] {logging_mixin.py:188} INFO - [2026-07-09T11:00:58.883+0000] {dag.py:3954} INFO - Setting next_dagrun for postgres_cdc_demo to 2026-07-08 00:00:00+00:00, run_after=2026-07-09 00:00:00+00:00
[2026-07-09T11:00:58.907+0000] {processor.py:183} INFO - Processing /opt/airflow/dags/cdc_demo_dag.py took 0.088 seconds
[2026-07-09T11:01:29.036+0000] {processor.py:161} INFO - Started process (PID=432) to work on /opt/airflow/dags/cdc_demo_dag.py
[2026-07-09T11:01:29.036+0000] {processor.py:830} INFO - Processing file /opt/airflow/dags/cdc_demo_dag.py for tasks to queue
[2026-07-09T11:01:29.038+0000] {logging_mixin.py:188} INFO - [2026-07-09T11:01:29.037+0000] {dagbag.py:545} INFO - Filling up the DagBag from /opt/airflow/dags/cdc_demo_dag.py
[2026-07-09T11:01:29.046+0000] {processor.py:840} INFO - DAG(s) 'postgres_cdc_demo' retrieved from /opt/airflow/dags/cdc_demo_dag.py
[2026-07-09T11:01:29.071+0000] {logging_mixin.py:188} INFO - [2026-07-09T11:01:29.071+0000] {dag.py:3096} INFO - Sync 1 DAGs
[2026-07-09T11:01:29.088+0000] {logging_mixin.py:188} INFO - [2026-07-09T11:01:29.088+0000] {dag.py:3954} INFO - Setting next_dagrun for postgres_cdc_demo to 2026-07-08 00:00:00+00:00, run_after=2026-07-09 00:00:00+00:00
[2026-07-09T11:01:29.118+0000] {processor.py:183} INFO - Processing /opt/airflow/dags/cdc_demo_dag.py took 0.087 seconds
[2026-07-09T11:01:59.293+0000] {processor.py:161} INFO - Started process (PID=437) to work on /opt/airflow/dags/cdc_demo_dag.py
[2026-07-09T11:01:59.299+0000] {processor.py:830} INFO - Processing file /opt/airflow/dags/cdc_demo_dag.py for tasks to queue
[2026-07-09T11:01:59.300+0000] {logging_mixin.py:188} INFO - [2026-07-09T11:01:59.300+0000] {dagbag.py:545} INFO - Filling up the DagBag from /opt/airflow/dags/cdc_demo_dag.py
[2026-07-09T11:01:59.310+0000] {processor.py:840} INFO - DAG(s) 'postgres_cdc_demo' retrieved from /opt/airflow/dags/cdc_demo_dag.py
[2026-07-09T11:01:59.337+0000] {logging_mixin.py:188} INFO - [2026-07-09T11:01:59.337+0000] {dag.py:3096} INFO - Sync 1 DAGs
[2026-07-09T11:01:59.356+0000] {logging_mixin.py:188} INFO - [2026-07-09T11:01:59.356+0000] {dag.py:3954} INFO - Setting next_dagrun for postgres_cdc_demo to 2026-07-08 00:00:00+00:00, run_after=2026-07-09 00:00:00+00:00
[2026-07-09T11:01:59.381+0000] {processor.py:183} INFO - Processing /opt/airflow/dags/cdc_demo_dag.py took 0.092 seconds
[2026-07-09T11:02:29.500+0000] {processor.py:161} INFO - Started process (PID=442) to work on /opt/airflow/dags/cdc_demo_dag.py
[2026-07-09T11:02:29.501+0000] {processor.py:830} INFO - Processing file /opt/airflow/dags/cdc_demo_dag.py for tasks to queue
[2026-07-09T11:02:29.502+0000] {logging_mixin.py:188} INFO - [2026-07-09T11:02:29.502+0000] {dagbag.py:545} INFO - Filling up the DagBag from /opt/airflow/dags/cdc_demo_dag.py
[2026-07-09T11:02:29.511+0000] {processor.py:840} INFO - DAG(s) 'postgres_cdc_demo' retrieved from /opt/airflow/dags/cdc_demo_dag.py
[2026-07-09T11:02:29.536+0000] {logging_mixin.py:188} INFO - [2026-07-09T11:02:29.536+0000] {dag.py:3096} INFO - Sync 1 DAGs
[2026-07-09T11:02:29.553+0000] {logging_mixin.py:188} INFO - [2026-07-09T11:02:29.553+0000] {dag.py:3954} INFO - Setting next_dagrun for postgres_cdc_demo to 2026-07-08 00:00:00+00:00, run_after=2026-07-09 00:00:00+00:00
[2026-07-09T11:02:29.580+0000] {processor.py:183} INFO - Processing /opt/airflow/dags/cdc_demo_dag.py took 0.084 seconds
[2026-07-09T11:02:59.757+0000] {processor.py:161} INFO - Started process (PID=447) to work on /opt/airflow/dags/cdc_demo_dag.py
[2026-07-09T11:02:59.768+0000] {processor.py:830} INFO - Processing file /opt/airflow/dags/cdc_demo_dag.py for tasks to queue
[2026-07-09T11:02:59.769+0000] {logging_mixin.py:188} INFO - [2026-07-09T11:02:59.769+0000] {dagbag.py:545} INFO - Filling up the DagBag from /opt/airflow/dags/cdc_demo_dag.py
[2026-07-09T11:02:59.780+0000] {processor.py:840} INFO - DAG(s) 'postgres_cdc_demo' retrieved from /opt/airflow/dags/cdc_demo_dag.py
[2026-07-09T11:02:59.809+0000] {logging_mixin.py:188} INFO - [2026-07-09T11:02:59.809+0000] {dag.py:3096} INFO - Sync 1 DAGs
[2026-07-09T11:02:59.826+0000] {logging_mixin.py:188} INFO - [2026-07-09T11:02:59.826+0000] {dag.py:3954} INFO - Setting next_dagrun for postgres_cdc_demo to 2026-07-08 00:00:00+00:00, run_after=2026-07-09 00:00:00+00:00
[2026-07-09T11:02:59.855+0000] {processor.py:183} INFO - Processing /opt/airflow/dags/cdc_demo_dag.py took 0.102 seconds
[2026-07-09T11:03:29.961+0000] {processor.py:161} INFO - Started process (PID=452) to work on /opt/airflow/dags/cdc_demo_dag.py
[2026-07-09T11:03:29.961+0000] {processor.py:830} INFO - Processing file /opt/airflow/dags/cdc_demo_dag.py for tasks to queue
[2026-07-09T11:03:29.962+0000] {logging_mixin.py:188} INFO - [2026-07-09T11:03:29.962+0000] {dagbag.py:545} INFO - Filling up the DagBag from /opt/airflow/dags/cdc_demo_dag.py
[2026-07-09T11:03:29.971+0000] {processor.py:840} INFO - DAG(s) 'postgres_cdc_demo' retrieved from /opt/airflow/dags/cdc_demo_dag.py
[2026-07-09T11:03:29.996+0000] {logging_mixin.py:188} INFO - [2026-07-09T11:03:29.996+0000] {dag.py:3096} INFO - Sync 1 DAGs
[2026-07-09T11:03:30.013+0000] {logging_mixin.py:188} INFO - [2026-07-09T11:03:30.013+0000] {dag.py:3954} INFO - Setting next_dagrun for postgres_cdc_demo to 2026-07-08 00:00:00+00:00, run_after=2026-07-09 00:00:00+00:00
[2026-07-09T11:03:30.042+0000] {processor.py:183} INFO - Processing /opt/airflow/dags/cdc_demo_dag.py took 0.086 seconds
[2026-07-09T11:04:00.269+0000] {processor.py:161} INFO - Started process (PID=457) to work on /opt/airflow/dags/cdc_demo_dag.py
[2026-07-09T11:04:00.272+0000] {processor.py:830} INFO - Processing file /opt/airflow/dags/cdc_demo_dag.py for tasks to queue
[2026-07-09T11:04:00.273+0000] {logging_mixin.py:188} INFO - [2026-07-09T11:04:00.273+0000] {dagbag.py:545} INFO - Filling up the DagBag from /opt/airflow/dags/cdc_demo_dag.py
[2026-07-09T11:04:00.282+0000] {processor.py:840} INFO - DAG(s) 'postgres_cdc_demo' retrieved from /opt/airflow/dags/cdc_demo_dag.py
[2026-07-09T11:04:00.306+0000] {logging_mixin.py:188} INFO - [2026-07-09T11:04:00.306+0000] {dag.py:3096} INFO - Sync 1 DAGs
[2026-07-09T11:04:00.323+0000] {logging_mixin.py:188} INFO - [2026-07-09T11:04:00.323+0000] {dag.py:3954} INFO - Setting next_dagrun for postgres_cdc_demo to 2026-07-08 00:00:00+00:00, run_after=2026-07-09 00:00:00+00:00
[2026-07-09T11:04:00.351+0000] {processor.py:183} INFO - Processing /opt/airflow/dags/cdc_demo_dag.py took 0.086 seconds
[2026-07-09T11:04:30.493+0000] {processor.py:161} INFO - Started process (PID=462) to work on /opt/airflow/dags/cdc_demo_dag.py
[2026-07-09T11:04:30.493+0000] {processor.py:830} INFO - Processing file /opt/airflow/dags/cdc_demo_dag.py for tasks to queue
[2026-07-09T11:04:30.495+0000] {logging_mixin.py:188} INFO - [2026-07-09T11:04:30.495+0000] {dagbag.py:545} INFO - Filling up the DagBag from /opt/airflow/dags/cdc_demo_dag.py
[2026-07-09T11:04:30.503+0000] {processor.py:840} INFO - DAG(s) 'postgres_cdc_demo' retrieved from /opt/airflow/dags/cdc_demo_dag.py
[2026-07-09T11:04:30.528+0000] {logging_mixin.py:188} INFO - [2026-07-09T11:04:30.528+0000] {dag.py:3096} INFO - Sync 1 DAGs
[2026-07-09T11:04:30.545+0000] {logging_mixin.py:188} INFO - [2026-07-09T11:04:30.545+0000] {dag.py:3954} INFO - Setting next_dagrun for postgres_cdc_demo to 2026-07-08 00:00:00+00:00, run_after=2026-07-09 00:00:00+00:00
[2026-07-09T11:04:30.573+0000] {processor.py:183} INFO - Processing /opt/airflow/dags/cdc_demo_dag.py took 0.085 seconds
[2026-07-09T11:05:00.723+0000] {processor.py:161} INFO - Started process (PID=467) to work on /opt/airflow/dags/cdc_demo_dag.py
[2026-07-09T11:05:00.723+0000] {processor.py:830} INFO - Processing file /opt/airflow/dags/cdc_demo_dag.py for tasks to queue
[2026-07-09T11:05:00.725+0000] {logging_mixin.py:188} INFO - [2026-07-09T11:05:00.725+0000] {dagbag.py:545} INFO - Filling up the DagBag from /opt/airflow/dags/cdc_demo_dag.py
[2026-07-09T11:05:00.734+0000] {processor.py:840} INFO - DAG(s) 'postgres_cdc_demo' retrieved from /opt/airflow/dags/cdc_demo_dag.py
[2026-07-09T11:05:00.758+0000] {logging_mixin.py:188} INFO - [2026-07-09T11:05:00.758+0000] {dag.py:3096} INFO - Sync 1 DAGs
[2026-07-09T11:05:00.776+0000] {logging_mixin.py:188} INFO - [2026-07-09T11:05:00.775+0000] {dag.py:3954} INFO - Setting next_dagrun for postgres_cdc_demo to 2026-07-08 00:00:00+00:00, run_after=2026-07-09 00:00:00+00:00
[2026-07-09T11:05:00.804+0000] {processor.py:183} INFO - Processing /opt/airflow/dags/cdc_demo_dag.py took 0.085 seconds
[2026-07-09T11:05:30.972+0000] {processor.py:161} INFO - Started process (PID=472) to work on /opt/airflow/dags/cdc_demo_dag.py
[2026-07-09T11:05:30.978+0000] {processor.py:830} INFO - Processing file /opt/airflow/dags/cdc_demo_dag.py for tasks to queue
[2026-07-09T11:05:30.980+0000] {logging_mixin.py:188} INFO - [2026-07-09T11:05:30.980+0000] {dagbag.py:545} INFO - Filling up the DagBag from /opt/airflow/dags/cdc_demo_dag.py
[2026-07-09T11:05:30.989+0000] {processor.py:840} INFO - DAG(s) 'postgres_cdc_demo' retrieved from /opt/airflow/dags/cdc_demo_dag.py
[2026-07-09T11:05:31.017+0000] {logging_mixin.py:188} INFO - [2026-07-09T11:05:31.017+0000] {dag.py:3096} INFO - Sync 1 DAGs
[2026-07-09T11:05:31.035+0000] {logging_mixin.py:188} INFO - [2026-07-09T11:05:31.035+0000] {dag.py:3954} INFO - Setting next_dagrun for postgres_cdc_demo to 2026-07-08 00:00:00+00:00, run_after=2026-07-09 00:00:00+00:00
[2026-07-09T11:05:31.060+0000] {processor.py:183} INFO - Processing /opt/airflow/dags/cdc_demo_dag.py took 0.091 seconds
[2026-07-09T11:06:01.183+0000] {processor.py:161} INFO - Started process (PID=477) to work on /opt/airflow/dags/cdc_demo_dag.py
[2026-07-09T11:06:01.183+0000] {processor.py:830} INFO - Processing file /opt/airflow/dags/cdc_demo_dag.py for tasks to queue
[2026-07-09T11:06:01.185+0000] {logging_mixin.py:188} INFO - [2026-07-09T11:06:01.185+0000] {dagbag.py:545} INFO - Filling up the DagBag from /opt/airflow/dags/cdc_demo_dag.py
[2026-07-09T11:06:01.194+0000] {processor.py:840} INFO - DAG(s) 'postgres_cdc_demo' retrieved from /opt/airflow/dags/cdc_demo_dag.py
[2026-07-09T11:06:01.219+0000] {logging_mixin.py:188} INFO - [2026-07-09T11:06:01.218+0000] {dag.py:3096} INFO - Sync 1 DAGs
[2026-07-09T11:06:01.236+0000] {logging_mixin.py:188} INFO - [2026-07-09T11:06:01.236+0000] {dag.py:3954} INFO - Setting next_dagrun for postgres_cdc_demo to 2026-07-08 00:00:00+00:00, run_after=2026-07-09 00:00:00+00:00
[2026-07-09T11:06:01.264+0000] {processor.py:183} INFO - Processing /opt/airflow/dags/cdc_demo_dag.py took 0.086 seconds
[2026-07-09T11:06:31.458+0000] {processor.py:161} INFO - Started process (PID=482) to work on /opt/airflow/dags/cdc_demo_dag.py
[2026-07-09T11:06:32.397+0000] {processor.py:830} INFO - Processing file /opt/airflow/dags/cdc_demo_dag.py for tasks to queue
[2026-07-09T11:06:32.402+0000] {logging_mixin.py:188} INFO - [2026-07-09T11:06:32.402+0000] {dagbag.py:545} INFO - Filling up the DagBag from /opt/airflow/dags/cdc_demo_dag.py
[2026-07-09T11:06:32.410+0000] {processor.py:840} INFO - DAG(s) 'postgres_cdc_demo' retrieved from /opt/airflow/dags/cdc_demo_dag.py
[2026-07-09T11:06:32.436+0000] {logging_mixin.py:188} INFO - [2026-07-09T11:06:32.435+0000] {dag.py:3096} INFO - Sync 1 DAGs
[2026-07-09T11:06:32.454+0000] {logging_mixin.py:188} INFO - [2026-07-09T11:06:32.454+0000] {dag.py:3954} INFO - Setting next_dagrun for postgres_cdc_demo to 2026-07-08 00:00:00+00:00, run_after=2026-07-09 00:00:00+00:00
[2026-07-09T11:06:32.499+0000] {processor.py:183} INFO - Processing /opt/airflow/dags/cdc_demo_dag.py took 1.046 seconds
[2026-07-09T11:07:02.706+0000] {processor.py:161} INFO - Started process (PID=487) to work on /opt/airflow/dags/cdc_demo_dag.py
[2026-07-09T11:07:02.707+0000] {processor.py:830} INFO - Processing file /opt/airflow/dags/cdc_demo_dag.py for tasks to queue
[2026-07-09T11:07:02.710+0000] {logging_mixin.py:188} INFO - [2026-07-09T11:07:02.710+0000] {dagbag.py:545} INFO - Filling up the DagBag from /opt/airflow/dags/cdc_demo_dag.py
[2026-07-09T11:07:02.722+0000] {processor.py:840} INFO - DAG(s) 'postgres_cdc_demo' retrieved from /opt/airflow/dags/cdc_demo_dag.py
[2026-07-09T11:07:02.747+0000] {logging_mixin.py:188} INFO - [2026-07-09T11:07:02.747+0000] {dag.py:3096} INFO - Sync 1 DAGs
[2026-07-09T11:07:02.764+0000] {logging_mixin.py:188} INFO - [2026-07-09T11:07:02.764+0000] {dag.py:3954} INFO - Setting next_dagrun for postgres_cdc_demo to 2026-07-08 00:00:00+00:00, run_after=2026-07-09 00:00:00+00:00
[2026-07-09T11:07:02.788+0000] {processor.py:183} INFO - Processing /opt/airflow/dags/cdc_demo_dag.py took 0.093 seconds
[2026-07-09T11:07:32.921+0000] {processor.py:161} INFO - Started process (PID=492) to work on /opt/airflow/dags/cdc_demo_dag.py
[2026-07-09T11:07:32.926+0000] {processor.py:830} INFO - Processing file /opt/airflow/dags/cdc_demo_dag.py for tasks to queue
[2026-07-09T11:07:32.927+0000] {logging_mixin.py:188} INFO - [2026-07-09T11:07:32.927+0000] {dagbag.py:545} INFO - Filling up the DagBag from /opt/airflow/dags/cdc_demo_dag.py
[2026-07-09T11:07:32.936+0000] {processor.py:840} INFO - DAG(s) 'postgres_cdc_demo' retrieved from /opt/airflow/dags/cdc_demo_dag.py
[2026-07-09T11:07:32.964+0000] {logging_mixin.py:188} INFO - [2026-07-09T11:07:32.963+0000] {dag.py:3096} INFO - Sync 1 DAGs
[2026-07-09T11:07:32.981+0000] {logging_mixin.py:188} INFO - [2026-07-09T11:07:32.981+0000] {dag.py:3954} INFO - Setting next_dagrun for postgres_cdc_demo to 2026-07-08 00:00:00+00:00, run_after=2026-07-09 00:00:00+00:00
[2026-07-09T11:07:33.006+0000] {processor.py:183} INFO - Processing /opt/airflow/dags/cdc_demo_dag.py took 0.090 seconds
[2026-07-09T11:08:03.183+0000] {processor.py:161} INFO - Started process (PID=497) to work on /opt/airflow/dags/cdc_demo_dag.py
[2026-07-09T11:08:03.184+0000] {processor.py:830} INFO - Processing file /opt/airflow/dags/cdc_demo_dag.py for tasks to queue
[2026-07-09T11:08:03.185+0000] {logging_mixin.py:188} INFO - [2026-07-09T11:08:03.185+0000] {dagbag.py:545} INFO - Filling up the DagBag from /opt/airflow/dags/cdc_demo_dag.py
[2026-07-09T11:08:03.193+0000] {processor.py:840} INFO - DAG(s) 'postgres_cdc_demo' retrieved from /opt/airflow/dags/cdc_demo_dag.py
[2026-07-09T11:08:03.217+0000] {logging_mixin.py:188} INFO - [2026-07-09T11:08:03.217+0000] {dag.py:3096} INFO - Sync 1 DAGs
[2026-07-09T11:08:03.235+0000] {logging_mixin.py:188} INFO - [2026-07-09T11:08:03.235+0000] {dag.py:3954} INFO - Setting next_dagrun for postgres_cdc_demo to 2026-07-08 00:00:00+00:00, run_after=2026-07-09 00:00:00+00:00
[2026-07-09T11:08:03.265+0000] {processor.py:183} INFO - Processing /opt/airflow/dags/cdc_demo_dag.py took 0.086 seconds
[2026-07-09T11:08:33.394+0000] {processor.py:161} INFO - Started process (PID=502) to work on /opt/airflow/dags/cdc_demo_dag.py
[2026-07-09T11:08:33.402+0000] {processor.py:830} INFO - Processing file /opt/airflow/dags/cdc_demo_dag.py for tasks to queue
[2026-07-09T11:08:33.403+0000] {logging_mixin.py:188} INFO - [2026-07-09T11:08:33.403+0000] {dagbag.py:545} INFO - Filling up the DagBag from /opt/airflow/dags/cdc_demo_dag.py
[2026-07-09T11:08:33.413+0000] {processor.py:840} INFO - DAG(s) 'postgres_cdc_demo' retrieved from /opt/airflow/dags/cdc_demo_dag.py
[2026-07-09T11:08:33.441+0000] {logging_mixin.py:188} INFO - [2026-07-09T11:08:33.441+0000] {dag.py:3096} INFO - Sync 1 DAGs
[2026-07-09T11:08:33.458+0000] {logging_mixin.py:188} INFO - [2026-07-09T11:08:33.458+0000] {dag.py:3954} INFO - Setting next_dagrun for postgres_cdc_demo to 2026-07-08 00:00:00+00:00, run_after=2026-07-09 00:00:00+00:00
[2026-07-09T11:08:33.484+0000] {processor.py:183} INFO - Processing /opt/airflow/dags/cdc_demo_dag.py took 0.095 seconds
[2026-07-09T11:09:03.664+0000] {processor.py:161} INFO - Started process (PID=507) to work on /opt/airflow/dags/cdc_demo_dag.py
[2026-07-09T11:09:03.664+0000] {processor.py:830} INFO - Processing file /opt/airflow/dags/cdc_demo_dag.py for tasks to queue
[2026-07-09T11:09:03.665+0000] {logging_mixin.py:188} INFO - [2026-07-09T11:09:03.665+0000] {dagbag.py:545} INFO - Filling up the DagBag from /opt/airflow/dags/cdc_demo_dag.py
[2026-07-09T11:09:03.674+0000] {processor.py:840} INFO - DAG(s) 'postgres_cdc_demo' retrieved from /opt/airflow/dags/cdc_demo_dag.py
[2026-07-09T11:09:03.698+0000] {logging_mixin.py:188} INFO - [2026-07-09T11:09:03.698+0000] {dag.py:3096} INFO - Sync 1 DAGs
[2026-07-09T11:09:03.716+0000] {logging_mixin.py:188} INFO - [2026-07-09T11:09:03.715+0000] {dag.py:3954} INFO - Setting next_dagrun for postgres_cdc_demo to 2026-07-08 00:00:00+00:00, run_after=2026-07-09 00:00:00+00:00
[2026-07-09T11:09:03.744+0000] {processor.py:183} INFO - Processing /opt/airflow/dags/cdc_demo_dag.py took 0.085 seconds
[2026-07-09T11:09:33.879+0000] {processor.py:161} INFO - Started process (PID=512) to work on /opt/airflow/dags/cdc_demo_dag.py
[2026-07-09T11:09:33.889+0000] {processor.py:830} INFO - Processing file /opt/airflow/dags/cdc_demo_dag.py for tasks to queue
[2026-07-09T11:09:33.890+0000] {logging_mixin.py:188} INFO - [2026-07-09T11:09:33.890+0000] {dagbag.py:545} INFO - Filling up the DagBag from /opt/airflow/dags/cdc_demo_dag.py
[2026-07-09T11:09:33.900+0000] {processor.py:840} INFO - DAG(s) 'postgres_cdc_demo' retrieved from /opt/airflow/dags/cdc_demo_dag.py
[2026-07-09T11:09:33.927+0000] {logging_mixin.py:188} INFO - [2026-07-09T11:09:33.927+0000] {dag.py:3096} INFO - Sync 1 DAGs
[2026-07-09T11:09:33.945+0000] {logging_mixin.py:188} INFO - [2026-07-09T11:09:33.944+0000] {dag.py:3954} INFO - Setting next_dagrun for postgres_cdc_demo to 2026-07-08 00:00:00+00:00, run_after=2026-07-09 00:00:00+00:00
[2026-07-09T11:09:33.967+0000] {processor.py:183} INFO - Processing /opt/airflow/dags/cdc_demo_dag.py took 0.092 seconds
[2026-07-09T11:10:04.135+0000] {processor.py:161} INFO - Started process (PID=517) to work on /opt/airflow/dags/cdc_demo_dag.py
[2026-07-09T11:10:04.136+0000] {processor.py:830} INFO - Processing file /opt/airflow/dags/cdc_demo_dag.py for tasks to queue
[2026-07-09T11:10:04.137+0000] {logging_mixin.py:188} INFO - [2026-07-09T11:10:04.136+0000] {dagbag.py:545} INFO - Filling up the DagBag from /opt/airflow/dags/cdc_demo_dag.py
[2026-07-09T11:10:04.145+0000] {processor.py:840} INFO - DAG(s) 'postgres_cdc_demo' retrieved from /opt/airflow/dags/cdc_demo_dag.py
[2026-07-09T11:10:04.169+0000] {logging_mixin.py:188} INFO - [2026-07-09T11:10:04.169+0000] {dag.py:3096} INFO - Sync 1 DAGs
[2026-07-09T11:10:04.187+0000] {logging_mixin.py:188} INFO - [2026-07-09T11:10:04.186+0000] {dag.py:3954} INFO - Setting next_dagrun for postgres_cdc_demo to 2026-07-08 00:00:00+00:00, run_after=2026-07-09 00:00:00+00:00
[2026-07-09T11:10:04.227+0000] {processor.py:183} INFO - Processing /opt/airflow/dags/cdc_demo_dag.py took 0.097 seconds
[2026-07-09T11:10:34.352+0000] {processor.py:161} INFO - Started process (PID=522) to work on /opt/airflow/dags/cdc_demo_dag.py
[2026-07-09T11:10:34.357+0000] {processor.py:830} INFO - Processing file /opt/airflow/dags/cdc_demo_dag.py for tasks to queue
[2026-07-09T11:10:34.358+0000] {logging_mixin.py:188} INFO - [2026-07-09T11:10:34.358+0000] {dagbag.py:545} INFO - Filling up the DagBag from /opt/airflow/dags/cdc_demo_dag.py
[2026-07-09T11:10:34.369+0000] {processor.py:840} INFO - DAG(s) 'postgres_cdc_demo' retrieved from /opt/airflow/dags/cdc_demo_dag.py
[2026-07-09T11:10:34.397+0000] {logging_mixin.py:188} INFO - [2026-07-09T11:10:34.397+0000] {dag.py:3096} INFO - Sync 1 DAGs
[2026-07-09T11:10:34.418+0000] {logging_mixin.py:188} INFO - [2026-07-09T11:10:34.418+0000] {dag.py:3954} INFO - Setting next_dagrun for postgres_cdc_demo to 2026-07-08 00:00:00+00:00, run_after=2026-07-09 00:00:00+00:00
[2026-07-09T11:10:34.444+0000] {processor.py:183} INFO - Processing /opt/airflow/dags/cdc_demo_dag.py took 0.097 seconds
[2026-07-09T11:11:04.619+0000] {processor.py:161} INFO - Started process (PID=527) to work on /opt/airflow/dags/cdc_demo_dag.py
[2026-07-09T11:11:04.620+0000] {processor.py:830} INFO - Processing file /opt/airflow/dags/cdc_demo_dag.py for tasks to queue
[2026-07-09T11:11:04.621+0000] {logging_mixin.py:188} INFO - [2026-07-09T11:11:04.621+0000] {dagbag.py:545} INFO - Filling up the DagBag from /opt/airflow/dags/cdc_demo_dag.py
[2026-07-09T11:11:04.630+0000] {processor.py:840} INFO - DAG(s) 'postgres_cdc_demo' retrieved from /opt/airflow/dags/cdc_demo_dag.py
[2026-07-09T11:11:04.654+0000] {logging_mixin.py:188} INFO - [2026-07-09T11:11:04.654+0000] {dag.py:3096} INFO - Sync 1 DAGs
[2026-07-09T11:11:04.672+0000] {logging_mixin.py:188} INFO - [2026-07-09T11:11:04.672+0000] {dag.py:3954} INFO - Setting next_dagrun for postgres_cdc_demo to 2026-07-08 00:00:00+00:00, run_after=2026-07-09 00:00:00+00:00
[2026-07-09T11:11:04.695+0000] {processor.py:183} INFO - Processing /opt/airflow/dags/cdc_demo_dag.py took 0.081 seconds
[2026-07-09T11:11:34.831+0000] {processor.py:161} INFO - Started process (PID=532) to work on /opt/airflow/dags/cdc_demo_dag.py
[2026-07-09T11:11:34.954+0000] {processor.py:830} INFO - Processing file /opt/airflow/dags/cdc_demo_dag.py for tasks to queue
[2026-07-09T11:11:34.959+0000] {logging_mixin.py:188} INFO - [2026-07-09T11:11:34.958+0000] {dagbag.py:545} INFO - Filling up the DagBag from /opt/airflow/dags/cdc_demo_dag.py
[2026-07-09T11:11:34.995+0000] {processor.py:840} INFO - DAG(s) 'postgres_cdc_demo' retrieved from /opt/airflow/dags/cdc_demo_dag.py
[2026-07-09T11:11:35.026+0000] {logging_mixin.py:188} INFO - [2026-07-09T11:11:35.026+0000] {dag.py:3096} INFO - Sync 1 DAGs
[2026-07-09T11:11:35.044+0000] {logging_mixin.py:188} INFO - [2026-07-09T11:11:35.044+0000] {dag.py:3954} INFO - Setting next_dagrun for postgres_cdc_demo to 2026-07-08 00:00:00+00:00, run_after=2026-07-09 00:00:00+00:00
[2026-07-09T11:11:35.065+0000] {processor.py:183} INFO - Processing /opt/airflow/dags/cdc_demo_dag.py took 0.239 seconds
[2026-07-09T11:12:05.259+0000] {processor.py:161} INFO - Started process (PID=537) to work on /opt/airflow/dags/cdc_demo_dag.py
[2026-07-09T11:12:05.259+0000] {processor.py:830} INFO - Processing file /opt/airflow/dags/cdc_demo_dag.py for tasks to queue
[2026-07-09T11:12:05.261+0000] {logging_mixin.py:188} INFO - [2026-07-09T11:12:05.260+0000] {dagbag.py:545} INFO - Filling up the DagBag from /opt/airflow/dags/cdc_demo_dag.py
[2026-07-09T11:12:05.269+0000] {processor.py:840} INFO - DAG(s) 'postgres_cdc_demo' retrieved from /opt/airflow/dags/cdc_demo_dag.py
[2026-07-09T11:12:05.295+0000] {logging_mixin.py:188} INFO - [2026-07-09T11:12:05.295+0000] {dag.py:3096} INFO - Sync 1 DAGs
[2026-07-09T11:12:05.312+0000] {logging_mixin.py:188} INFO - [2026-07-09T11:12:05.312+0000] {dag.py:3954} INFO - Setting next_dagrun for postgres_cdc_demo to 2026-07-08 00:00:00+00:00, run_after=2026-07-09 00:00:00+00:00
[2026-07-09T11:12:05.335+0000] {processor.py:183} INFO - Processing /opt/airflow/dags/cdc_demo_dag.py took 0.081 seconds
[2026-07-09T11:12:35.459+0000] {processor.py:161} INFO - Started process (PID=542) to work on /opt/airflow/dags/cdc_demo_dag.py
[2026-07-09T11:12:35.464+0000] {processor.py:830} INFO - Processing file /opt/airflow/dags/cdc_demo_dag.py for tasks to queue
[2026-07-09T11:12:35.465+0000] {logging_mixin.py:188} INFO - [2026-07-09T11:12:35.465+0000] {dagbag.py:545} INFO - Filling up the DagBag from /opt/airflow/dags/cdc_demo_dag.py
[2026-07-09T11:12:35.475+0000] {processor.py:840} INFO - DAG(s) 'postgres_cdc_demo' retrieved from /opt/airflow/dags/cdc_demo_dag.py
[2026-07-09T11:12:35.504+0000] {logging_mixin.py:188} INFO - [2026-07-09T11:12:35.504+0000] {dag.py:3096} INFO - Sync 1 DAGs
[2026-07-09T11:12:35.523+0000] {logging_mixin.py:188} INFO - [2026-07-09T11:12:35.523+0000] {dag.py:3954} INFO - Setting next_dagrun for postgres_cdc_demo to 2026-07-08 00:00:00+00:00, run_after=2026-07-09 00:00:00+00:00
[2026-07-09T11:12:35.549+0000] {processor.py:183} INFO - Processing /opt/airflow/dags/cdc_demo_dag.py took 0.095 seconds
[2026-07-09T11:13:05.727+0000] {processor.py:161} INFO - Started process (PID=547) to work on /opt/airflow/dags/cdc_demo_dag.py
[2026-07-09T11:13:05.727+0000] {processor.py:830} INFO - Processing file /opt/airflow/dags/cdc_demo_dag.py for tasks to queue
[2026-07-09T11:13:05.728+0000] {logging_mixin.py:188} INFO - [2026-07-09T11:13:05.728+0000] {dagbag.py:545} INFO - Filling up the DagBag from /opt/airflow/dags/cdc_demo_dag.py
[2026-07-09T11:13:05.737+0000] {processor.py:840} INFO - DAG(s) 'postgres_cdc_demo' retrieved from /opt/airflow/dags/cdc_demo_dag.py
[2026-07-09T11:13:05.761+0000] {logging_mixin.py:188} INFO - [2026-07-09T11:13:05.761+0000] {dag.py:3096} INFO - Sync 1 DAGs
[2026-07-09T11:13:05.779+0000] {logging_mixin.py:188} INFO - [2026-07-09T11:13:05.778+0000] {dag.py:3954} INFO - Setting next_dagrun for postgres_cdc_demo to 2026-07-08 00:00:00+00:00, run_after=2026-07-09 00:00:00+00:00
[2026-07-09T11:13:05.801+0000] {processor.py:183} INFO - Processing /opt/airflow/dags/cdc_demo_dag.py took 0.078 seconds
[2026-07-09T11:13:35.944+0000] {processor.py:161} INFO - Started process (PID=552) to work on /opt/airflow/dags/cdc_demo_dag.py
[2026-07-09T11:13:35.952+0000] {processor.py:830} INFO - Processing file /opt/airflow/dags/cdc_demo_dag.py for tasks to queue
[2026-07-09T11:13:35.954+0000] {logging_mixin.py:188} INFO - [2026-07-09T11:13:35.953+0000] {dagbag.py:545} INFO - Filling up the DagBag from /opt/airflow/dags/cdc_demo_dag.py
[2026-07-09T11:13:35.964+0000] {processor.py:840} INFO - DAG(s) 'postgres_cdc_demo' retrieved from /opt/airflow/dags/cdc_demo_dag.py
[2026-07-09T11:13:35.996+0000] {logging_mixin.py:188} INFO - [2026-07-09T11:13:35.995+0000] {dag.py:3096} INFO - Sync 1 DAGs
[2026-07-09T11:13:36.017+0000] {logging_mixin.py:188} INFO - [2026-07-09T11:13:36.017+0000] {dag.py:3954} INFO - Setting next_dagrun for postgres_cdc_demo to 2026-07-08 00:00:00+00:00, run_after=2026-07-09 00:00:00+00:00
[2026-07-09T11:13:36.039+0000] {processor.py:183} INFO - Processing /opt/airflow/dags/cdc_demo_dag.py took 0.100 seconds
[2026-07-09T11:14:06.198+0000] {processor.py:161} INFO - Started process (PID=557) to work on /opt/airflow/dags/cdc_demo_dag.py
[2026-07-09T11:14:06.198+0000] {processor.py:830} INFO - Processing file /opt/airflow/dags/cdc_demo_dag.py for tasks to queue
[2026-07-09T11:14:06.200+0000] {logging_mixin.py:188} INFO - [2026-07-09T11:14:06.199+0000] {dagbag.py:545} INFO - Filling up the DagBag from /opt/airflow/dags/cdc_demo_dag.py
[2026-07-09T11:14:06.209+0000] {processor.py:840} INFO - DAG(s) 'postgres_cdc_demo' retrieved from /opt/airflow/dags/cdc_demo_dag.py
[2026-07-09T11:14:06.233+0000] {logging_mixin.py:188} INFO - [2026-07-09T11:14:06.233+0000] {dag.py:3096} INFO - Sync 1 DAGs
[2026-07-09T11:14:06.251+0000] {logging_mixin.py:188} INFO - [2026-07-09T11:14:06.251+0000] {dag.py:3954} INFO - Setting next_dagrun for postgres_cdc_demo to 2026-07-08 00:00:00+00:00, run_after=2026-07-09 00:00:00+00:00
[2026-07-09T11:14:07.159+0000] {processor.py:183} INFO - Processing /opt/airflow/dags/cdc_demo_dag.py took 0.965 seconds
[2026-07-09T11:14:37.395+0000] {processor.py:161} INFO - Started process (PID=562) to work on /opt/airflow/dags/cdc_demo_dag.py
[2026-07-09T11:14:37.405+0000] {processor.py:830} INFO - Processing file /opt/airflow/dags/cdc_demo_dag.py for tasks to queue
[2026-07-09T11:14:37.406+0000] {logging_mixin.py:188} INFO - [2026-07-09T11:14:37.406+0000] {dagbag.py:545} INFO - Filling up the DagBag from /opt/airflow/dags/cdc_demo_dag.py
[2026-07-09T11:14:37.416+0000] {processor.py:840} INFO - DAG(s) 'postgres_cdc_demo' retrieved from /opt/airflow/dags/cdc_demo_dag.py
[2026-07-09T11:14:37.444+0000] {logging_mixin.py:188} INFO - [2026-07-09T11:14:37.444+0000] {dag.py:3096} INFO - Sync 1 DAGs
[2026-07-09T11:14:37.461+0000] {logging_mixin.py:188} INFO - [2026-07-09T11:14:37.461+0000] {dag.py:3954} INFO - Setting next_dagrun for postgres_cdc_demo to 2026-07-08 00:00:00+00:00, run_after=2026-07-09 00:00:00+00:00
[2026-07-09T11:14:37.487+0000] {processor.py:183} INFO - Processing /opt/airflow/dags/cdc_demo_dag.py took 0.097 seconds
[2026-07-09T11:15:07.588+0000] {processor.py:161} INFO - Started process (PID=567) to work on /opt/airflow/dags/cdc_demo_dag.py
[2026-07-09T11:15:07.588+0000] {processor.py:830} INFO - Processing file /opt/airflow/dags/cdc_demo_dag.py for tasks to queue
[2026-07-09T11:15:07.590+0000] {logging_mixin.py:188} INFO - [2026-07-09T11:15:07.589+0000] {dagbag.py:545} INFO - Filling up the DagBag from /opt/airflow/dags/cdc_demo_dag.py
[2026-07-09T11:15:07.599+0000] {processor.py:840} INFO - DAG(s) 'postgres_cdc_demo' retrieved from /opt/airflow/dags/cdc_demo_dag.py
[2026-07-09T11:15:07.623+0000] {logging_mixin.py:188} INFO - [2026-07-09T11:15:07.623+0000] {dag.py:3096} INFO - Sync 1 DAGs
[2026-07-09T11:15:07.641+0000] {logging_mixin.py:188} INFO - [2026-07-09T11:15:07.641+0000] {dag.py:3954} INFO - Setting next_dagrun for postgres_cdc_demo to 2026-07-08 00:00:00+00:00, run_after=2026-07-09 00:00:00+00:00
[2026-07-09T11:15:07.663+0000] {processor.py:183} INFO - Processing /opt/airflow/dags/cdc_demo_dag.py took 0.080 seconds
[2026-07-09T11:15:37.882+0000] {processor.py:161} INFO - Started process (PID=572) to work on /opt/airflow/dags/cdc_demo_dag.py
[2026-07-09T11:15:37.886+0000] {processor.py:830} INFO - Processing file /opt/airflow/dags/cdc_demo_dag.py for tasks to queue
[2026-07-09T11:15:37.888+0000] {logging_mixin.py:188} INFO - [2026-07-09T11:15:37.887+0000] {dagbag.py:545} INFO - Filling up the DagBag from /opt/airflow/dags/cdc_demo_dag.py
[2026-07-09T11:15:37.898+0000] {processor.py:840} INFO - DAG(s) 'postgres_cdc_demo' retrieved from /opt/airflow/dags/cdc_demo_dag.py
[2026-07-09T11:15:37.925+0000] {logging_mixin.py:188} INFO - [2026-07-09T11:15:37.925+0000] {dag.py:3096} INFO - Sync 1 DAGs
[2026-07-09T11:15:37.943+0000] {logging_mixin.py:188} INFO - [2026-07-09T11:15:37.942+0000] {dag.py:3954} INFO - Setting next_dagrun for postgres_cdc_demo to 2026-07-08 00:00:00+00:00, run_after=2026-07-09 00:00:00+00:00
[2026-07-09T11:15:38.095+0000] {processor.py:183} INFO - Processing /opt/airflow/dags/cdc_demo_dag.py took 0.217 seconds
[2026-07-09T11:16:08.299+0000] {processor.py:161} INFO - Started process (PID=577) to work on /opt/airflow/dags/cdc_demo_dag.py
[2026-07-09T11:16:08.300+0000] {processor.py:830} INFO - Processing file /opt/airflow/dags/cdc_demo_dag.py for tasks to queue
[2026-07-09T11:16:08.301+0000] {logging_mixin.py:188} INFO - [2026-07-09T11:16:08.301+0000] {dagbag.py:545} INFO - Filling up the DagBag from /opt/airflow/dags/cdc_demo_dag.py
[2026-07-09T11:16:08.310+0000] {processor.py:840} INFO - DAG(s) 'postgres_cdc_demo' retrieved from /opt/airflow/dags/cdc_demo_dag.py
[2026-07-09T11:16:08.336+0000] {logging_mixin.py:188} INFO - [2026-07-09T11:16:08.335+0000] {dag.py:3096} INFO - Sync 1 DAGs
[2026-07-09T11:16:08.353+0000] {logging_mixin.py:188} INFO - [2026-07-09T11:16:08.353+0000] {dag.py:3954} INFO - Setting next_dagrun for postgres_cdc_demo to 2026-07-08 00:00:00+00:00, run_after=2026-07-09 00:00:00+00:00
[2026-07-09T11:16:09.504+0000] {processor.py:183} INFO - Processing /opt/airflow/dags/cdc_demo_dag.py took 1.209 seconds
[2026-07-09T11:16:39.701+0000] {processor.py:161} INFO - Started process (PID=582) to work on /opt/airflow/dags/cdc_demo_dag.py
[2026-07-09T11:16:39.757+0000] {processor.py:830} INFO - Processing file /opt/airflow/dags/cdc_demo_dag.py for tasks to queue
[2026-07-09T11:16:39.762+0000] {logging_mixin.py:188} INFO - [2026-07-09T11:16:39.762+0000] {dagbag.py:545} INFO - Filling up the DagBag from /opt/airflow/dags/cdc_demo_dag.py
[2026-07-09T11:16:39.771+0000] {processor.py:840} INFO - DAG(s) 'postgres_cdc_demo' retrieved from /opt/airflow/dags/cdc_demo_dag.py
[2026-07-09T11:16:39.796+0000] {logging_mixin.py:188} INFO - [2026-07-09T11:16:39.795+0000] {dag.py:3096} INFO - Sync 1 DAGs
[2026-07-09T11:16:39.814+0000] {logging_mixin.py:188} INFO - [2026-07-09T11:16:39.814+0000] {dag.py:3954} INFO - Setting next_dagrun for postgres_cdc_demo to 2026-07-08 00:00:00+00:00, run_after=2026-07-09 00:00:00+00:00
[2026-07-09T11:16:40.055+0000] {processor.py:183} INFO - Processing /opt/airflow/dags/cdc_demo_dag.py took 0.359 seconds
[2026-07-09T11:17:10.277+0000] {processor.py:161} INFO - Started process (PID=587) to work on /opt/airflow/dags/cdc_demo_dag.py
[2026-07-09T11:17:10.278+0000] {processor.py:830} INFO - Processing file /opt/airflow/dags/cdc_demo_dag.py for tasks to queue
[2026-07-09T11:17:10.279+0000] {logging_mixin.py:188} INFO - [2026-07-09T11:17:10.279+0000] {dagbag.py:545} INFO - Filling up the DagBag from /opt/airflow/dags/cdc_demo_dag.py
[2026-07-09T11:17:10.288+0000] {processor.py:840} INFO - DAG(s) 'postgres_cdc_demo' retrieved from /opt/airflow/dags/cdc_demo_dag.py
[2026-07-09T11:17:10.313+0000] {logging_mixin.py:188} INFO - [2026-07-09T11:17:10.312+0000] {dag.py:3096} INFO - Sync 1 DAGs
[2026-07-09T11:17:10.330+0000] {logging_mixin.py:188} INFO - [2026-07-09T11:17:10.330+0000] {dag.py:3954} INFO - Setting next_dagrun for postgres_cdc_demo to 2026-07-08 00:00:00+00:00, run_after=2026-07-09 00:00:00+00:00
[2026-07-09T11:17:10.692+0000] {processor.py:183} INFO - Processing /opt/airflow/dags/cdc_demo_dag.py took 0.420 seconds
[2026-07-09T11:17:40.931+0000] {processor.py:161} INFO - Started process (PID=592) to work on /opt/airflow/dags/cdc_demo_dag.py
[2026-07-09T11:17:40.939+0000] {processor.py:830} INFO - Processing file /opt/airflow/dags/cdc_demo_dag.py for tasks to queue
[2026-07-09T11:17:40.941+0000] {logging_mixin.py:188} INFO - [2026-07-09T11:17:40.940+0000] {dagbag.py:545} INFO - Filling up the DagBag from /opt/airflow/dags/cdc_demo_dag.py
[2026-07-09T11:17:40.950+0000] {processor.py:840} INFO - DAG(s) 'postgres_cdc_demo' retrieved from /opt/airflow/dags/cdc_demo_dag.py
[2026-07-09T11:17:40.978+0000] {logging_mixin.py:188} INFO - [2026-07-09T11:17:40.978+0000] {dag.py:3096} INFO - Sync 1 DAGs
[2026-07-09T11:17:40.995+0000] {logging_mixin.py:188} INFO - [2026-07-09T11:17:40.995+0000] {dag.py:3954} INFO - Setting next_dagrun for postgres_cdc_demo to 2026-07-08 00:00:00+00:00, run_after=2026-07-09 00:00:00+00:00
[2026-07-09T11:17:41.021+0000] {processor.py:183} INFO - Processing /opt/airflow/dags/cdc_demo_dag.py took 0.095 seconds
[2026-07-09T11:18:11.122+0000] {processor.py:161} INFO - Started process (PID=597) to work on /opt/airflow/dags/cdc_demo_dag.py
[2026-07-09T11:18:11.122+0000] {processor.py:830} INFO - Processing file /opt/airflow/dags/cdc_demo_dag.py for tasks to queue
[2026-07-09T11:18:11.124+0000] {logging_mixin.py:188} INFO - [2026-07-09T11:18:11.124+0000] {dagbag.py:545} INFO - Filling up the DagBag from /opt/airflow/dags/cdc_demo_dag.py
[2026-07-09T11:18:11.133+0000] {processor.py:840} INFO - DAG(s) 'postgres_cdc_demo' retrieved from /opt/airflow/dags/cdc_demo_dag.py
[2026-07-09T11:18:11.158+0000] {logging_mixin.py:188} INFO - [2026-07-09T11:18:11.158+0000] {dag.py:3096} INFO - Sync 1 DAGs
[2026-07-09T11:18:11.175+0000] {logging_mixin.py:188} INFO - [2026-07-09T11:18:11.175+0000] {dag.py:3954} INFO - Setting next_dagrun for postgres_cdc_demo to 2026-07-08 00:00:00+00:00, run_after=2026-07-09 00:00:00+00:00
[2026-07-09T11:18:11.203+0000] {processor.py:183} INFO - Processing /opt/airflow/dags/cdc_demo_dag.py took 0.086 seconds
[2026-07-09T11:18:41.417+0000] {processor.py:161} INFO - Started process (PID=602) to work on /opt/airflow/dags/cdc_demo_dag.py
[2026-07-09T11:18:41.532+0000] {processor.py:830} INFO - Processing file /opt/airflow/dags/cdc_demo_dag.py for tasks to queue
[2026-07-09T11:18:41.539+0000] {logging_mixin.py:188} INFO - [2026-07-09T11:18:41.538+0000] {dagbag.py:545} INFO - Filling up the DagBag from /opt/airflow/dags/cdc_demo_dag.py
[2026-07-09T11:18:41.572+0000] {processor.py:840} INFO - DAG(s) 'postgres_cdc_demo' retrieved from /opt/airflow/dags/cdc_demo_dag.py
[2026-07-09T11:18:41.613+0000] {logging_mixin.py:188} INFO - [2026-07-09T11:18:41.612+0000] {dag.py:3096} INFO - Sync 1 DAGs
[2026-07-09T11:18:41.641+0000] {logging_mixin.py:188} INFO - [2026-07-09T11:18:41.641+0000] {dag.py:3954} INFO - Setting next_dagrun for postgres_cdc_demo to 2026-07-08 00:00:00+00:00, run_after=2026-07-09 00:00:00+00:00
[2026-07-09T11:18:41.847+0000] {processor.py:183} INFO - Processing /opt/airflow/dags/cdc_demo_dag.py took 0.435 seconds
[2026-07-09T11:19:12.064+0000] {processor.py:161} INFO - Started process (PID=607) to work on /opt/airflow/dags/cdc_demo_dag.py
[2026-07-09T11:19:12.064+0000] {processor.py:830} INFO - Processing file /opt/airflow/dags/cdc_demo_dag.py for tasks to queue
[2026-07-09T11:19:12.065+0000] {logging_mixin.py:188} INFO - [2026-07-09T11:19:12.065+0000] {dagbag.py:545} INFO - Filling up the DagBag from /opt/airflow/dags/cdc_demo_dag.py
[2026-07-09T11:19:12.074+0000] {processor.py:840} INFO - DAG(s) 'postgres_cdc_demo' retrieved from /opt/airflow/dags/cdc_demo_dag.py
[2026-07-09T11:19:12.099+0000] {logging_mixin.py:188} INFO - [2026-07-09T11:19:12.099+0000] {dag.py:3096} INFO - Sync 1 DAGs
[2026-07-09T11:19:12.116+0000] {logging_mixin.py:188} INFO - [2026-07-09T11:19:12.116+0000] {dag.py:3954} INFO - Setting next_dagrun for postgres_cdc_demo to 2026-07-08 00:00:00+00:00, run_after=2026-07-09 00:00:00+00:00
[2026-07-09T11:19:12.140+0000] {processor.py:183} INFO - Processing /opt/airflow/dags/cdc_demo_dag.py took 0.081 seconds
[2026-07-09T11:19:42.269+0000] {processor.py:161} INFO - Started process (PID=612) to work on /opt/airflow/dags/cdc_demo_dag.py
[2026-07-09T11:19:42.272+0000] {processor.py:830} INFO - Processing file /opt/airflow/dags/cdc_demo_dag.py for tasks to queue
[2026-07-09T11:19:42.273+0000] {logging_mixin.py:188} INFO - [2026-07-09T11:19:42.273+0000] {dagbag.py:545} INFO - Filling up the DagBag from /opt/airflow/dags/cdc_demo_dag.py
[2026-07-09T11:19:42.283+0000] {processor.py:840} INFO - DAG(s) 'postgres_cdc_demo' retrieved from /opt/airflow/dags/cdc_demo_dag.py
[2026-07-09T11:19:42.310+0000] {logging_mixin.py:188} INFO - [2026-07-09T11:19:42.310+0000] {dag.py:3096} INFO - Sync 1 DAGs
[2026-07-09T11:19:42.329+0000] {logging_mixin.py:188} INFO - [2026-07-09T11:19:42.329+0000] {dag.py:3954} INFO - Setting next_dagrun for postgres_cdc_demo to 2026-07-08 00:00:00+00:00, run_after=2026-07-09 00:00:00+00:00
[2026-07-09T11:19:42.354+0000] {processor.py:183} INFO - Processing /opt/airflow/dags/cdc_demo_dag.py took 0.090 seconds
[2026-07-09T11:20:12.528+0000] {processor.py:161} INFO - Started process (PID=617) to work on /opt/airflow/dags/cdc_demo_dag.py
[2026-07-09T11:20:12.529+0000] {processor.py:830} INFO - Processing file /opt/airflow/dags/cdc_demo_dag.py for tasks to queue
[2026-07-09T11:20:12.530+0000] {logging_mixin.py:188} INFO - [2026-07-09T11:20:12.530+0000] {dagbag.py:545} INFO - Filling up the DagBag from /opt/airflow/dags/cdc_demo_dag.py
[2026-07-09T11:20:12.539+0000] {processor.py:840} INFO - DAG(s) 'postgres_cdc_demo' retrieved from /opt/airflow/dags/cdc_demo_dag.py
[2026-07-09T11:20:12.564+0000] {logging_mixin.py:188} INFO - [2026-07-09T11:20:12.563+0000] {dag.py:3096} INFO - Sync 1 DAGs
[2026-07-09T11:20:12.581+0000] {logging_mixin.py:188} INFO - [2026-07-09T11:20:12.581+0000] {dag.py:3954} INFO - Setting next_dagrun for postgres_cdc_demo to 2026-07-08 00:00:00+00:00, run_after=2026-07-09 00:00:00+00:00
[2026-07-09T11:20:12.610+0000] {processor.py:183} INFO - Processing /opt/airflow/dags/cdc_demo_dag.py took 0.086 seconds
[2026-07-09T11:20:42.744+0000] {processor.py:161} INFO - Started process (PID=622) to work on /opt/airflow/dags/cdc_demo_dag.py
[2026-07-09T11:20:42.748+0000] {processor.py:830} INFO - Processing file /opt/airflow/dags/cdc_demo_dag.py for tasks to queue
[2026-07-09T11:20:42.749+0000] {logging_mixin.py:188} INFO - [2026-07-09T11:20:42.749+0000] {dagbag.py:545} INFO - Filling up the DagBag from /opt/airflow/dags/cdc_demo_dag.py
[2026-07-09T11:20:42.759+0000] {processor.py:840} INFO - DAG(s) 'postgres_cdc_demo' retrieved from /opt/airflow/dags/cdc_demo_dag.py
[2026-07-09T11:20:42.788+0000] {logging_mixin.py:188} INFO - [2026-07-09T11:20:42.788+0000] {dag.py:3096} INFO - Sync 1 DAGs
[2026-07-09T11:20:42.808+0000] {logging_mixin.py:188} INFO - [2026-07-09T11:20:42.807+0000] {dag.py:3954} INFO - Setting next_dagrun for postgres_cdc_demo to 2026-07-08 00:00:00+00:00, run_after=2026-07-09 00:00:00+00:00
[2026-07-09T11:20:42.829+0000] {processor.py:183} INFO - Processing /opt/airflow/dags/cdc_demo_dag.py took 0.090 seconds
[2026-07-09T11:21:12.989+0000] {processor.py:161} INFO - Started process (PID=627) to work on /opt/airflow/dags/cdc_demo_dag.py
[2026-07-09T11:21:12.989+0000] {processor.py:830} INFO - Processing file /opt/airflow/dags/cdc_demo_dag.py for tasks to queue
[2026-07-09T11:21:12.990+0000] {logging_mixin.py:188} INFO - [2026-07-09T11:21:12.990+0000] {dagbag.py:545} INFO - Filling up the DagBag from /opt/airflow/dags/cdc_demo_dag.py
[2026-07-09T11:21:12.999+0000] {processor.py:840} INFO - DAG(s) 'postgres_cdc_demo' retrieved from /opt/airflow/dags/cdc_demo_dag.py
[2026-07-09T11:21:13.024+0000] {logging_mixin.py:188} INFO - [2026-07-09T11:21:13.024+0000] {dag.py:3096} INFO - Sync 1 DAGs
[2026-07-09T11:21:13.042+0000] {logging_mixin.py:188} INFO - [2026-07-09T11:21:13.041+0000] {dag.py:3954} INFO - Setting next_dagrun for postgres_cdc_demo to 2026-07-08 00:00:00+00:00, run_after=2026-07-09 00:00:00+00:00
[2026-07-09T11:21:13.066+0000] {processor.py:183} INFO - Processing /opt/airflow/dags/cdc_demo_dag.py took 0.082 seconds
[2026-07-09T11:21:43.221+0000] {processor.py:161} INFO - Started process (PID=632) to work on /opt/airflow/dags/cdc_demo_dag.py
[2026-07-09T11:21:43.229+0000] {processor.py:830} INFO - Processing file /opt/airflow/dags/cdc_demo_dag.py for tasks to queue
[2026-07-09T11:21:43.230+0000] {logging_mixin.py:188} INFO - [2026-07-09T11:21:43.230+0000] {dagbag.py:545} INFO - Filling up the DagBag from /opt/airflow/dags/cdc_demo_dag.py
[2026-07-09T11:21:43.241+0000] {processor.py:840} INFO - DAG(s) 'postgres_cdc_demo' retrieved from /opt/airflow/dags/cdc_demo_dag.py
[2026-07-09T11:21:43.272+0000] {logging_mixin.py:188} INFO - [2026-07-09T11:21:43.271+0000] {dag.py:3096} INFO - Sync 1 DAGs
[2026-07-09T11:21:43.291+0000] {logging_mixin.py:188} INFO - [2026-07-09T11:21:43.291+0000] {dag.py:3954} INFO - Setting next_dagrun for postgres_cdc_demo to 2026-07-08 00:00:00+00:00, run_after=2026-07-09 00:00:00+00:00
[2026-07-09T11:21:43.319+0000] {processor.py:183} INFO - Processing /opt/airflow/dags/cdc_demo_dag.py took 0.103 seconds
[2026-07-09T11:22:13.423+0000] {processor.py:161} INFO - Started process (PID=637) to work on /opt/airflow/dags/cdc_demo_dag.py
[2026-07-09T11:22:13.423+0000] {processor.py:830} INFO - Processing file /opt/airflow/dags/cdc_demo_dag.py for tasks to queue
[2026-07-09T11:22:13.424+0000] {logging_mixin.py:188} INFO - [2026-07-09T11:22:13.424+0000] {dagbag.py:545} INFO - Filling up the DagBag from /opt/airflow/dags/cdc_demo_dag.py
[2026-07-09T11:22:13.433+0000] {processor.py:840} INFO - DAG(s) 'postgres_cdc_demo' retrieved from /opt/airflow/dags/cdc_demo_dag.py
[2026-07-09T11:22:13.458+0000] {logging_mixin.py:188} INFO - [2026-07-09T11:22:13.457+0000] {dag.py:3096} INFO - Sync 1 DAGs
[2026-07-09T11:22:13.475+0000] {logging_mixin.py:188} INFO - [2026-07-09T11:22:13.475+0000] {dag.py:3954} INFO - Setting next_dagrun for postgres_cdc_demo to 2026-07-08 00:00:00+00:00, run_after=2026-07-09 00:00:00+00:00
[2026-07-09T11:22:13.496+0000] {processor.py:183} INFO - Processing /opt/airflow/dags/cdc_demo_dag.py took 0.079 seconds
[2026-07-09T11:22:43.707+0000] {processor.py:161} INFO - Started process (PID=642) to work on /opt/airflow/dags/cdc_demo_dag.py
[2026-07-09T11:22:43.714+0000] {processor.py:830} INFO - Processing file /opt/airflow/dags/cdc_demo_dag.py for tasks to queue
[2026-07-09T11:22:43.715+0000] {logging_mixin.py:188} INFO - [2026-07-09T11:22:43.715+0000] {dagbag.py:545} INFO - Filling up the DagBag from /opt/airflow/dags/cdc_demo_dag.py
[2026-07-09T11:22:43.724+0000] {processor.py:840} INFO - DAG(s) 'postgres_cdc_demo' retrieved from /opt/airflow/dags/cdc_demo_dag.py
[2026-07-09T11:22:43.752+0000] {logging_mixin.py:188} INFO - [2026-07-09T11:22:43.751+0000] {dag.py:3096} INFO - Sync 1 DAGs
[2026-07-09T11:22:43.770+0000] {logging_mixin.py:188} INFO - [2026-07-09T11:22:43.769+0000] {dag.py:3954} INFO - Setting next_dagrun for postgres_cdc_demo to 2026-07-08 00:00:00+00:00, run_after=2026-07-09 00:00:00+00:00
[2026-07-09T11:22:43.792+0000] {processor.py:183} INFO - Processing /opt/airflow/dags/cdc_demo_dag.py took 0.089 seconds
[2026-07-09T11:23:13.917+0000] {processor.py:161} INFO - Started process (PID=647) to work on /opt/airflow/dags/cdc_demo_dag.py
[2026-07-09T11:23:13.918+0000] {processor.py:830} INFO - Processing file /opt/airflow/dags/cdc_demo_dag.py for tasks to queue
[2026-07-09T11:23:13.919+0000] {logging_mixin.py:188} INFO - [2026-07-09T11:23:13.919+0000] {dagbag.py:545} INFO - Filling up the DagBag from /opt/airflow/dags/cdc_demo_dag.py
[2026-07-09T11:23:13.928+0000] {processor.py:840} INFO - DAG(s) 'postgres_cdc_demo' retrieved from /opt/airflow/dags/cdc_demo_dag.py
[2026-07-09T11:23:13.953+0000] {logging_mixin.py:188} INFO - [2026-07-09T11:23:13.952+0000] {dag.py:3096} INFO - Sync 1 DAGs
[2026-07-09T11:23:13.971+0000] {logging_mixin.py:188} INFO - [2026-07-09T11:23:13.971+0000] {dag.py:3954} INFO - Setting next_dagrun for postgres_cdc_demo to 2026-07-08 00:00:00+00:00, run_after=2026-07-09 00:00:00+00:00
[2026-07-09T11:23:13.999+0000] {processor.py:183} INFO - Processing /opt/airflow/dags/cdc_demo_dag.py took 0.086 seconds
[2026-07-09T11:23:44.181+0000] {processor.py:161} INFO - Started process (PID=652) to work on /opt/airflow/dags/cdc_demo_dag.py
[2026-07-09T11:23:44.189+0000] {processor.py:830} INFO - Processing file /opt/airflow/dags/cdc_demo_dag.py for tasks to queue
[2026-07-09T11:23:44.190+0000] {logging_mixin.py:188} INFO - [2026-07-09T11:23:44.190+0000] {dagbag.py:545} INFO - Filling up the DagBag from /opt/airflow/dags/cdc_demo_dag.py
[2026-07-09T11:23:44.200+0000] {processor.py:840} INFO - DAG(s) 'postgres_cdc_demo' retrieved from /opt/airflow/dags/cdc_demo_dag.py
[2026-07-09T11:23:44.227+0000] {logging_mixin.py:188} INFO - [2026-07-09T11:23:44.227+0000] {dag.py:3096} INFO - Sync 1 DAGs
[2026-07-09T11:23:44.245+0000] {logging_mixin.py:188} INFO - [2026-07-09T11:23:44.245+0000] {dag.py:3954} INFO - Setting next_dagrun for postgres_cdc_demo to 2026-07-08 00:00:00+00:00, run_after=2026-07-09 00:00:00+00:00
[2026-07-09T11:23:44.273+0000] {processor.py:183} INFO - Processing /opt/airflow/dags/cdc_demo_dag.py took 0.096 seconds
[2026-07-09T11:24:14.428+0000] {processor.py:161} INFO - Started process (PID=657) to work on /opt/airflow/dags/cdc_demo_dag.py
[2026-07-09T11:24:14.428+0000] {processor.py:830} INFO - Processing file /opt/airflow/dags/cdc_demo_dag.py for tasks to queue
[2026-07-09T11:24:14.429+0000] {logging_mixin.py:188} INFO - [2026-07-09T11:24:14.429+0000] {dagbag.py:545} INFO - Filling up the DagBag from /opt/airflow/dags/cdc_demo_dag.py
[2026-07-09T11:24:14.438+0000] {processor.py:840} INFO - DAG(s) 'postgres_cdc_demo' retrieved from /opt/airflow/dags/cdc_demo_dag.py
[2026-07-09T11:24:14.463+0000] {logging_mixin.py:188} INFO - [2026-07-09T11:24:14.463+0000] {dag.py:3096} INFO - Sync 1 DAGs
[2026-07-09T11:24:14.480+0000] {logging_mixin.py:188} INFO - [2026-07-09T11:24:14.480+0000] {dag.py:3954} INFO - Setting next_dagrun for postgres_cdc_demo to 2026-07-08 00:00:00+00:00, run_after=2026-07-09 00:00:00+00:00
[2026-07-09T11:24:14.503+0000] {processor.py:183} INFO - Processing /opt/airflow/dags/cdc_demo_dag.py took 0.080 seconds
[2026-07-09T11:24:44.673+0000] {processor.py:161} INFO - Started process (PID=662) to work on /opt/airflow/dags/cdc_demo_dag.py
[2026-07-09T11:24:44.676+0000] {processor.py:830} INFO - Processing file /opt/airflow/dags/cdc_demo_dag.py for tasks to queue
[2026-07-09T11:24:44.677+0000] {logging_mixin.py:188} INFO - [2026-07-09T11:24:44.677+0000] {dagbag.py:545} INFO - Filling up the DagBag from /opt/airflow/dags/cdc_demo_dag.py
[2026-07-09T11:24:44.686+0000] {processor.py:840} INFO - DAG(s) 'postgres_cdc_demo' retrieved from /opt/airflow/dags/cdc_demo_dag.py
[2026-07-09T11:24:44.712+0000] {logging_mixin.py:188} INFO - [2026-07-09T11:24:44.711+0000] {dag.py:3096} INFO - Sync 1 DAGs
[2026-07-09T11:24:44.729+0000] {logging_mixin.py:188} INFO - [2026-07-09T11:24:44.729+0000] {dag.py:3954} INFO - Setting next_dagrun for postgres_cdc_demo to 2026-07-08 00:00:00+00:00, run_after=2026-07-09 00:00:00+00:00
[2026-07-09T11:24:44.754+0000] {processor.py:183} INFO - Processing /opt/airflow/dags/cdc_demo_dag.py took 0.085 seconds
[2026-07-09T11:25:14.897+0000] {processor.py:161} INFO - Started process (PID=667) to work on /opt/airflow/dags/cdc_demo_dag.py
[2026-07-09T11:25:14.898+0000] {processor.py:830} INFO - Processing file /opt/airflow/dags/cdc_demo_dag.py for tasks to queue
[2026-07-09T11:25:14.899+0000] {logging_mixin.py:188} INFO - [2026-07-09T11:25:14.899+0000] {dagbag.py:545} INFO - Filling up the DagBag from /opt/airflow/dags/cdc_demo_dag.py
[2026-07-09T11:25:14.907+0000] {processor.py:840} INFO - DAG(s) 'postgres_cdc_demo' retrieved from /opt/airflow/dags/cdc_demo_dag.py
[2026-07-09T11:25:14.933+0000] {logging_mixin.py:188} INFO - [2026-07-09T11:25:14.932+0000] {dag.py:3096} INFO - Sync 1 DAGs
[2026-07-09T11:25:14.950+0000] {logging_mixin.py:188} INFO - [2026-07-09T11:25:14.950+0000] {dag.py:3954} INFO - Setting next_dagrun for postgres_cdc_demo to 2026-07-08 00:00:00+00:00, run_after=2026-07-09 00:00:00+00:00
[2026-07-09T11:25:14.977+0000] {processor.py:183} INFO - Processing /opt/airflow/dags/cdc_demo_dag.py took 0.085 seconds
[2026-07-09T11:25:45.144+0000] {processor.py:161} INFO - Started process (PID=672) to work on /opt/airflow/dags/cdc_demo_dag.py
[2026-07-09T11:25:45.145+0000] {processor.py:830} INFO - Processing file /opt/airflow/dags/cdc_demo_dag.py for tasks to queue
[2026-07-09T11:25:45.146+0000] {logging_mixin.py:188} INFO - [2026-07-09T11:25:45.146+0000] {dagbag.py:545} INFO - Filling up the DagBag from /opt/airflow/dags/cdc_demo_dag.py
[2026-07-09T11:25:45.155+0000] {processor.py:840} INFO - DAG(s) 'postgres_cdc_demo' retrieved from /opt/airflow/dags/cdc_demo_dag.py
[2026-07-09T11:25:45.180+0000] {logging_mixin.py:188} INFO - [2026-07-09T11:25:45.180+0000] {dag.py:3096} INFO - Sync 1 DAGs
[2026-07-09T11:25:45.198+0000] {logging_mixin.py:188} INFO - [2026-07-09T11:25:45.198+0000] {dag.py:3954} INFO - Setting next_dagrun for postgres_cdc_demo to 2026-07-08 00:00:00+00:00, run_after=2026-07-09 00:00:00+00:00
[2026-07-09T11:25:45.223+0000] {processor.py:183} INFO - Processing /opt/airflow/dags/cdc_demo_dag.py took 0.083 seconds
[2026-07-09T11:26:15.366+0000] {processor.py:161} INFO - Started process (PID=677) to work on /opt/airflow/dags/cdc_demo_dag.py
[2026-07-09T11:26:16.279+0000] {processor.py:830} INFO - Processing file /opt/airflow/dags/cdc_demo_dag.py for tasks to queue
[2026-07-09T11:26:16.284+0000] {logging_mixin.py:188} INFO - [2026-07-09T11:26:16.284+0000] {dagbag.py:545} INFO - Filling up the DagBag from /opt/airflow/dags/cdc_demo_dag.py
[2026-07-09T11:26:16.292+0000] {processor.py:840} INFO - DAG(s) 'postgres_cdc_demo' retrieved from /opt/airflow/dags/cdc_demo_dag.py
[2026-07-09T11:26:16.318+0000] {logging_mixin.py:188} INFO - [2026-07-09T11:26:16.318+0000] {dag.py:3096} INFO - Sync 1 DAGs
[2026-07-09T11:26:16.335+0000] {logging_mixin.py:188} INFO - [2026-07-09T11:26:16.335+0000] {dag.py:3954} INFO - Setting next_dagrun for postgres_cdc_demo to 2026-07-08 00:00:00+00:00, run_after=2026-07-09 00:00:00+00:00
[2026-07-09T11:26:16.371+0000] {processor.py:183} INFO - Processing /opt/airflow/dags/cdc_demo_dag.py took 1.009 seconds
[2026-07-09T11:26:46.589+0000] {processor.py:161} INFO - Started process (PID=682) to work on /opt/airflow/dags/cdc_demo_dag.py
[2026-07-09T11:26:46.589+0000] {processor.py:830} INFO - Processing file /opt/airflow/dags/cdc_demo_dag.py for tasks to queue
[2026-07-09T11:26:46.590+0000] {logging_mixin.py:188} INFO - [2026-07-09T11:26:46.590+0000] {dagbag.py:545} INFO - Filling up the DagBag from /opt/airflow/dags/cdc_demo_dag.py
[2026-07-09T11:26:46.599+0000] {processor.py:840} INFO - DAG(s) 'postgres_cdc_demo' retrieved from /opt/airflow/dags/cdc_demo_dag.py
[2026-07-09T11:26:46.623+0000] {logging_mixin.py:188} INFO - [2026-07-09T11:26:46.623+0000] {dag.py:3096} INFO - Sync 1 DAGs
[2026-07-09T11:26:46.641+0000] {logging_mixin.py:188} INFO - [2026-07-09T11:26:46.640+0000] {dag.py:3954} INFO - Setting next_dagrun for postgres_cdc_demo to 2026-07-08 00:00:00+00:00, run_after=2026-07-09 00:00:00+00:00
[2026-07-09T11:26:46.666+0000] {processor.py:183} INFO - Processing /opt/airflow/dags/cdc_demo_dag.py took 0.081 seconds
[2026-07-09T11:27:16.803+0000] {processor.py:161} INFO - Started process (PID=687) to work on /opt/airflow/dags/cdc_demo_dag.py
[2026-07-09T11:27:16.814+0000] {processor.py:830} INFO - Processing file /opt/airflow/dags/cdc_demo_dag.py for tasks to queue
[2026-07-09T11:27:16.815+0000] {logging_mixin.py:188} INFO - [2026-07-09T11:27:16.815+0000] {dagbag.py:545} INFO - Filling up the DagBag from /opt/airflow/dags/cdc_demo_dag.py
[2026-07-09T11:27:16.825+0000] {processor.py:840} INFO - DAG(s) 'postgres_cdc_demo' retrieved from /opt/airflow/dags/cdc_demo_dag.py
[2026-07-09T11:27:16.854+0000] {logging_mixin.py:188} INFO - [2026-07-09T11:27:16.854+0000] {dag.py:3096} INFO - Sync 1 DAGs
[2026-07-09T11:27:16.872+0000] {logging_mixin.py:188} INFO - [2026-07-09T11:27:16.871+0000] {dag.py:3954} INFO - Setting next_dagrun for postgres_cdc_demo to 2026-07-08 00:00:00+00:00, run_after=2026-07-09 00:00:00+00:00
[2026-07-09T11:27:16.894+0000] {processor.py:183} INFO - Processing /opt/airflow/dags/cdc_demo_dag.py took 0.095 seconds
[2026-07-09T11:27:47.049+0000] {processor.py:161} INFO - Started process (PID=692) to work on /opt/airflow/dags/cdc_demo_dag.py
[2026-07-09T11:27:47.050+0000] {processor.py:830} INFO - Processing file /opt/airflow/dags/cdc_demo_dag.py for tasks to queue
[2026-07-09T11:27:47.051+0000] {logging_mixin.py:188} INFO - [2026-07-09T11:27:47.051+0000] {dagbag.py:545} INFO - Filling up the DagBag from /opt/airflow/dags/cdc_demo_dag.py
[2026-07-09T11:27:47.060+0000] {processor.py:840} INFO - DAG(s) 'postgres_cdc_demo' retrieved from /opt/airflow/dags/cdc_demo_dag.py
[2026-07-09T11:27:47.084+0000] {logging_mixin.py:188} INFO - [2026-07-09T11:27:47.084+0000] {dag.py:3096} INFO - Sync 1 DAGs
[2026-07-09T11:27:47.101+0000] {logging_mixin.py:188} INFO - [2026-07-09T11:27:47.101+0000] {dag.py:3954} INFO - Setting next_dagrun for postgres_cdc_demo to 2026-07-08 00:00:00+00:00, run_after=2026-07-09 00:00:00+00:00
[2026-07-09T11:27:47.124+0000] {processor.py:183} INFO - Processing /opt/airflow/dags/cdc_demo_dag.py took 0.080 seconds
[2026-07-09T11:28:17.278+0000] {processor.py:161} INFO - Started process (PID=697) to work on /opt/airflow/dags/cdc_demo_dag.py
[2026-07-09T11:28:17.287+0000] {processor.py:830} INFO - Processing file /opt/airflow/dags/cdc_demo_dag.py for tasks to queue
[2026-07-09T11:28:17.288+0000] {logging_mixin.py:188} INFO - [2026-07-09T11:28:17.288+0000] {dagbag.py:545} INFO - Filling up the DagBag from /opt/airflow/dags/cdc_demo_dag.py
[2026-07-09T11:28:17.298+0000] {processor.py:840} INFO - DAG(s) 'postgres_cdc_demo' retrieved from /opt/airflow/dags/cdc_demo_dag.py
[2026-07-09T11:28:17.327+0000] {logging_mixin.py:188} INFO - [2026-07-09T11:28:17.327+0000] {dag.py:3096} INFO - Sync 1 DAGs
[2026-07-09T11:28:17.347+0000] {logging_mixin.py:188} INFO - [2026-07-09T11:28:17.347+0000] {dag.py:3954} INFO - Setting next_dagrun for postgres_cdc_demo to 2026-07-08 00:00:00+00:00, run_after=2026-07-09 00:00:00+00:00
[2026-07-09T11:28:17.374+0000] {processor.py:183} INFO - Processing /opt/airflow/dags/cdc_demo_dag.py took 0.100 seconds
[2026-07-09T11:28:47.494+0000] {processor.py:161} INFO - Started process (PID=702) to work on /opt/airflow/dags/cdc_demo_dag.py
[2026-07-09T11:28:47.495+0000] {processor.py:830} INFO - Processing file /opt/airflow/dags/cdc_demo_dag.py for tasks to queue
[2026-07-09T11:28:47.496+0000] {logging_mixin.py:188} INFO - [2026-07-09T11:28:47.496+0000] {dagbag.py:545} INFO - Filling up the DagBag from /opt/airflow/dags/cdc_demo_dag.py
[2026-07-09T11:28:47.505+0000] {processor.py:840} INFO - DAG(s) 'postgres_cdc_demo' retrieved from /opt/airflow/dags/cdc_demo_dag.py
[2026-07-09T11:28:47.530+0000] {logging_mixin.py:188} INFO - [2026-07-09T11:28:47.529+0000] {dag.py:3096} INFO - Sync 1 DAGs
[2026-07-09T11:28:47.548+0000] {logging_mixin.py:188} INFO - [2026-07-09T11:28:47.548+0000] {dag.py:3954} INFO - Setting next_dagrun for postgres_cdc_demo to 2026-07-08 00:00:00+00:00, run_after=2026-07-09 00:00:00+00:00
[2026-07-09T11:28:47.586+0000] {processor.py:183} INFO - Processing /opt/airflow/dags/cdc_demo_dag.py took 0.096 seconds
[2026-07-09T11:29:17.775+0000] {processor.py:161} INFO - Started process (PID=707) to work on /opt/airflow/dags/cdc_demo_dag.py
[2026-07-09T11:29:17.783+0000] {processor.py:830} INFO - Processing file /opt/airflow/dags/cdc_demo_dag.py for tasks to queue
[2026-07-09T11:29:17.790+0000] {logging_mixin.py:188} INFO - [2026-07-09T11:29:17.789+0000] {dagbag.py:545} INFO - Filling up the DagBag from /opt/airflow/dags/cdc_demo_dag.py
[2026-07-09T11:29:17.819+0000] {processor.py:840} INFO - DAG(s) 'postgres_cdc_demo' retrieved from /opt/airflow/dags/cdc_demo_dag.py
[2026-07-09T11:29:17.850+0000] {logging_mixin.py:188} INFO - [2026-07-09T11:29:17.850+0000] {dag.py:3096} INFO - Sync 1 DAGs
[2026-07-09T11:29:17.867+0000] {logging_mixin.py:188} INFO - [2026-07-09T11:29:17.867+0000] {dag.py:3954} INFO - Setting next_dagrun for postgres_cdc_demo to 2026-07-08 00:00:00+00:00, run_after=2026-07-09 00:00:00+00:00
[2026-07-09T11:29:17.892+0000] {processor.py:183} INFO - Processing /opt/airflow/dags/cdc_demo_dag.py took 0.121 seconds
[2026-07-09T11:29:47.990+0000] {processor.py:161} INFO - Started process (PID=712) to work on /opt/airflow/dags/cdc_demo_dag.py
[2026-07-09T11:29:47.990+0000] {processor.py:830} INFO - Processing file /opt/airflow/dags/cdc_demo_dag.py for tasks to queue
[2026-07-09T11:29:47.992+0000] {logging_mixin.py:188} INFO - [2026-07-09T11:29:47.991+0000] {dagbag.py:545} INFO - Filling up the DagBag from /opt/airflow/dags/cdc_demo_dag.py
[2026-07-09T11:29:48.000+0000] {processor.py:840} INFO - DAG(s) 'postgres_cdc_demo' retrieved from /opt/airflow/dags/cdc_demo_dag.py
[2026-07-09T11:29:48.025+0000] {logging_mixin.py:188} INFO - [2026-07-09T11:29:48.025+0000] {dag.py:3096} INFO - Sync 1 DAGs
[2026-07-09T11:29:48.043+0000] {logging_mixin.py:188} INFO - [2026-07-09T11:29:48.043+0000] {dag.py:3954} INFO - Setting next_dagrun for postgres_cdc_demo to 2026-07-08 00:00:00+00:00, run_after=2026-07-09 00:00:00+00:00
[2026-07-09T11:29:48.072+0000] {processor.py:183} INFO - Processing /opt/airflow/dags/cdc_demo_dag.py took 0.087 seconds
[2026-07-09T11:30:18.285+0000] {processor.py:161} INFO - Started process (PID=717) to work on /opt/airflow/dags/cdc_demo_dag.py
[2026-07-09T11:30:18.291+0000] {processor.py:830} INFO - Processing file /opt/airflow/dags/cdc_demo_dag.py for tasks to queue
[2026-07-09T11:30:18.292+0000] {logging_mixin.py:188} INFO - [2026-07-09T11:30:18.292+0000] {dagbag.py:545} INFO - Filling up the DagBag from /opt/airflow/dags/cdc_demo_dag.py
[2026-07-09T11:30:18.301+0000] {processor.py:840} INFO - DAG(s) 'postgres_cdc_demo' retrieved from /opt/airflow/dags/cdc_demo_dag.py
[2026-07-09T11:30:18.325+0000] {logging_mixin.py:188} INFO - [2026-07-09T11:30:18.325+0000] {dag.py:3096} INFO - Sync 1 DAGs
[2026-07-09T11:30:18.343+0000] {logging_mixin.py:188} INFO - [2026-07-09T11:30:18.343+0000] {dag.py:3954} INFO - Setting next_dagrun for postgres_cdc_demo to 2026-07-08 00:00:00+00:00, run_after=2026-07-09 00:00:00+00:00
[2026-07-09T11:30:18.364+0000] {processor.py:183} INFO - Processing /opt/airflow/dags/cdc_demo_dag.py took 0.083 seconds
[2026-07-09T11:30:48.476+0000] {processor.py:161} INFO - Started process (PID=722) to work on /opt/airflow/dags/cdc_demo_dag.py
[2026-07-09T11:30:48.476+0000] {processor.py:830} INFO - Processing file /opt/airflow/dags/cdc_demo_dag.py for tasks to queue
[2026-07-09T11:30:48.478+0000] {logging_mixin.py:188} INFO - [2026-07-09T11:30:48.477+0000] {dagbag.py:545} INFO - Filling up the DagBag from /opt/airflow/dags/cdc_demo_dag.py
[2026-07-09T11:30:48.486+0000] {processor.py:840} INFO - DAG(s) 'postgres_cdc_demo' retrieved from /opt/airflow/dags/cdc_demo_dag.py
[2026-07-09T11:30:48.510+0000] {logging_mixin.py:188} INFO - [2026-07-09T11:30:48.510+0000] {dag.py:3096} INFO - Sync 1 DAGs
[2026-07-09T11:30:48.528+0000] {logging_mixin.py:188} INFO - [2026-07-09T11:30:48.527+0000] {dag.py:3954} INFO - Setting next_dagrun for postgres_cdc_demo to 2026-07-08 00:00:00+00:00, run_after=2026-07-09 00:00:00+00:00
[2026-07-09T11:30:48.548+0000] {processor.py:183} INFO - Processing /opt/airflow/dags/cdc_demo_dag.py took 0.077 seconds
[2026-07-09T11:31:18.756+0000] {processor.py:161} INFO - Started process (PID=727) to work on /opt/airflow/dags/cdc_demo_dag.py
[2026-07-09T11:31:18.831+0000] {processor.py:830} INFO - Processing file /opt/airflow/dags/cdc_demo_dag.py for tasks to queue
[2026-07-09T11:31:18.838+0000] {logging_mixin.py:188} INFO - [2026-07-09T11:31:18.837+0000] {dagbag.py:545} INFO - Filling up the DagBag from /opt/airflow/dags/cdc_demo_dag.py
[2026-07-09T11:31:18.871+0000] {processor.py:840} INFO - DAG(s) 'postgres_cdc_demo' retrieved from /opt/airflow/dags/cdc_demo_dag.py
[2026-07-09T11:31:18.902+0000] {logging_mixin.py:188} INFO - [2026-07-09T11:31:18.902+0000] {dag.py:3096} INFO - Sync 1 DAGs
[2026-07-09T11:31:18.919+0000] {logging_mixin.py:188} INFO - [2026-07-09T11:31:18.919+0000] {dag.py:3954} INFO - Setting next_dagrun for postgres_cdc_demo to 2026-07-08 00:00:00+00:00, run_after=2026-07-09 00:00:00+00:00
[2026-07-09T11:31:18.941+0000] {processor.py:183} INFO - Processing /opt/airflow/dags/cdc_demo_dag.py took 0.189 seconds
[2026-07-09T11:31:49.134+0000] {processor.py:161} INFO - Started process (PID=732) to work on /opt/airflow/dags/cdc_demo_dag.py
[2026-07-09T11:31:49.146+0000] {processor.py:830} INFO - Processing file /opt/airflow/dags/cdc_demo_dag.py for tasks to queue
[2026-07-09T11:31:49.148+0000] {logging_mixin.py:188} INFO - [2026-07-09T11:31:49.148+0000] {dagbag.py:545} INFO - Filling up the DagBag from /opt/airflow/dags/cdc_demo_dag.py
[2026-07-09T11:31:49.159+0000] {processor.py:840} INFO - DAG(s) 'postgres_cdc_demo' retrieved from /opt/airflow/dags/cdc_demo_dag.py
[2026-07-09T11:31:49.191+0000] {logging_mixin.py:188} INFO - [2026-07-09T11:31:49.191+0000] {dag.py:3096} INFO - Sync 1 DAGs
[2026-07-09T11:31:49.209+0000] {logging_mixin.py:188} INFO - [2026-07-09T11:31:49.209+0000] {dag.py:3954} INFO - Setting next_dagrun for postgres_cdc_demo to 2026-07-08 00:00:00+00:00, run_after=2026-07-09 00:00:00+00:00
[2026-07-09T11:31:49.230+0000] {processor.py:183} INFO - Processing /opt/airflow/dags/cdc_demo_dag.py took 0.100 seconds
[2026-07-09T11:32:19.342+0000] {processor.py:161} INFO - Started process (PID=737) to work on /opt/airflow/dags/cdc_demo_dag.py
[2026-07-09T11:32:19.342+0000] {processor.py:830} INFO - Processing file /opt/airflow/dags/cdc_demo_dag.py for tasks to queue
[2026-07-09T11:32:19.344+0000] {logging_mixin.py:188} INFO - [2026-07-09T11:32:19.344+0000] {dagbag.py:545} INFO - Filling up the DagBag from /opt/airflow/dags/cdc_demo_dag.py
[2026-07-09T11:32:19.352+0000] {processor.py:840} INFO - DAG(s) 'postgres_cdc_demo' retrieved from /opt/airflow/dags/cdc_demo_dag.py
[2026-07-09T11:32:19.377+0000] {logging_mixin.py:188} INFO - [2026-07-09T11:32:19.377+0000] {dag.py:3096} INFO - Sync 1 DAGs
[2026-07-09T11:32:19.394+0000] {logging_mixin.py:188} INFO - [2026-07-09T11:32:19.394+0000] {dag.py:3954} INFO - Setting next_dagrun for postgres_cdc_demo to 2026-07-08 00:00:00+00:00, run_after=2026-07-09 00:00:00+00:00
[2026-07-09T11:32:19.422+0000] {processor.py:183} INFO - Processing /opt/airflow/dags/cdc_demo_dag.py took 0.085 seconds
[2026-07-09T11:32:49.618+0000] {processor.py:161} INFO - Started process (PID=742) to work on /opt/airflow/dags/cdc_demo_dag.py
[2026-07-09T11:32:49.635+0000] {processor.py:830} INFO - Processing file /opt/airflow/dags/cdc_demo_dag.py for tasks to queue
[2026-07-09T11:32:49.642+0000] {logging_mixin.py:188} INFO - [2026-07-09T11:32:49.641+0000] {dagbag.py:545} INFO - Filling up the DagBag from /opt/airflow/dags/cdc_demo_dag.py
[2026-07-09T11:32:49.674+0000] {processor.py:840} INFO - DAG(s) 'postgres_cdc_demo' retrieved from /opt/airflow/dags/cdc_demo_dag.py
[2026-07-09T11:32:49.706+0000] {logging_mixin.py:188} INFO - [2026-07-09T11:32:49.705+0000] {dag.py:3096} INFO - Sync 1 DAGs
[2026-07-09T11:32:49.723+0000] {logging_mixin.py:188} INFO - [2026-07-09T11:32:49.723+0000] {dag.py:3954} INFO - Setting next_dagrun for postgres_cdc_demo to 2026-07-08 00:00:00+00:00, run_after=2026-07-09 00:00:00+00:00
[2026-07-09T11:32:50.189+0000] {processor.py:183} INFO - Processing /opt/airflow/dags/cdc_demo_dag.py took 0.575 seconds
[2026-07-09T11:33:20.422+0000] {processor.py:161} INFO - Started process (PID=747) to work on /opt/airflow/dags/cdc_demo_dag.py
[2026-07-09T11:33:20.422+0000] {processor.py:830} INFO - Processing file /opt/airflow/dags/cdc_demo_dag.py for tasks to queue
[2026-07-09T11:33:20.424+0000] {logging_mixin.py:188} INFO - [2026-07-09T11:33:20.423+0000] {dagbag.py:545} INFO - Filling up the DagBag from /opt/airflow/dags/cdc_demo_dag.py
[2026-07-09T11:33:20.432+0000] {processor.py:840} INFO - DAG(s) 'postgres_cdc_demo' retrieved from /opt/airflow/dags/cdc_demo_dag.py
[2026-07-09T11:33:20.456+0000] {logging_mixin.py:188} INFO - [2026-07-09T11:33:20.456+0000] {dag.py:3096} INFO - Sync 1 DAGs
[2026-07-09T11:33:20.474+0000] {logging_mixin.py:188} INFO - [2026-07-09T11:33:20.473+0000] {dag.py:3954} INFO - Setting next_dagrun for postgres_cdc_demo to 2026-07-08 00:00:00+00:00, run_after=2026-07-09 00:00:00+00:00
[2026-07-09T11:33:20.498+0000] {processor.py:183} INFO - Processing /opt/airflow/dags/cdc_demo_dag.py took 0.080 seconds
[2026-07-09T11:33:50.621+0000] {processor.py:161} INFO - Started process (PID=752) to work on /opt/airflow/dags/cdc_demo_dag.py
[2026-07-09T11:33:50.627+0000] {processor.py:830} INFO - Processing file /opt/airflow/dags/cdc_demo_dag.py for tasks to queue
[2026-07-09T11:33:50.629+0000] {logging_mixin.py:188} INFO - [2026-07-09T11:33:50.629+0000] {dagbag.py:545} INFO - Filling up the DagBag from /opt/airflow/dags/cdc_demo_dag.py
[2026-07-09T11:33:50.638+0000] {processor.py:840} INFO - DAG(s) 'postgres_cdc_demo' retrieved from /opt/airflow/dags/cdc_demo_dag.py
[2026-07-09T11:33:50.666+0000] {logging_mixin.py:188} INFO - [2026-07-09T11:33:50.666+0000] {dag.py:3096} INFO - Sync 1 DAGs
[2026-07-09T11:33:50.685+0000] {logging_mixin.py:188} INFO - [2026-07-09T11:33:50.684+0000] {dag.py:3954} INFO - Setting next_dagrun for postgres_cdc_demo to 2026-07-08 00:00:00+00:00, run_after=2026-07-09 00:00:00+00:00
[2026-07-09T11:33:50.705+0000] {processor.py:183} INFO - Processing /opt/airflow/dags/cdc_demo_dag.py took 0.089 seconds
[2026-07-09T11:34:20.906+0000] {processor.py:161} INFO - Started process (PID=757) to work on /opt/airflow/dags/cdc_demo_dag.py
[2026-07-09T11:34:20.906+0000] {processor.py:830} INFO - Processing file /opt/airflow/dags/cdc_demo_dag.py for tasks to queue
[2026-07-09T11:34:20.908+0000] {logging_mixin.py:188} INFO - [2026-07-09T11:34:20.907+0000] {dagbag.py:545} INFO - Filling up the DagBag from /opt/airflow/dags/cdc_demo_dag.py
[2026-07-09T11:34:20.916+0000] {processor.py:840} INFO - DAG(s) 'postgres_cdc_demo' retrieved from /opt/airflow/dags/cdc_demo_dag.py
[2026-07-09T11:34:20.940+0000] {logging_mixin.py:188} INFO - [2026-07-09T11:34:20.939+0000] {dag.py:3096} INFO - Sync 1 DAGs
[2026-07-09T11:34:20.957+0000] {logging_mixin.py:188} INFO - [2026-07-09T11:34:20.956+0000] {dag.py:3954} INFO - Setting next_dagrun for postgres_cdc_demo to 2026-07-08 00:00:00+00:00, run_after=2026-07-09 00:00:00+00:00
[2026-07-09T11:34:21.784+0000] {processor.py:183} INFO - Processing /opt/airflow/dags/cdc_demo_dag.py took 0.882 seconds
[2026-07-09T11:34:52.015+0000] {processor.py:161} INFO - Started process (PID=762) to work on /opt/airflow/dags/cdc_demo_dag.py
[2026-07-09T11:34:52.019+0000] {processor.py:830} INFO - Processing file /opt/airflow/dags/cdc_demo_dag.py for tasks to queue
[2026-07-09T11:34:52.021+0000] {logging_mixin.py:188} INFO - [2026-07-09T11:34:52.020+0000] {dagbag.py:545} INFO - Filling up the DagBag from /opt/airflow/dags/cdc_demo_dag.py
[2026-07-09T11:34:52.029+0000] {processor.py:840} INFO - DAG(s) 'postgres_cdc_demo' retrieved from /opt/airflow/dags/cdc_demo_dag.py
[2026-07-09T11:34:52.054+0000] {logging_mixin.py:188} INFO - [2026-07-09T11:34:52.054+0000] {dag.py:3096} INFO - Sync 1 DAGs
[2026-07-09T11:34:52.072+0000] {logging_mixin.py:188} INFO - [2026-07-09T11:34:52.072+0000] {dag.py:3954} INFO - Setting next_dagrun for postgres_cdc_demo to 2026-07-08 00:00:00+00:00, run_after=2026-07-09 00:00:00+00:00
[2026-07-09T11:34:52.097+0000] {processor.py:183} INFO - Processing /opt/airflow/dags/cdc_demo_dag.py took 0.086 seconds
[2026-07-09T11:35:22.290+0000] {processor.py:161} INFO - Started process (PID=767) to work on /opt/airflow/dags/cdc_demo_dag.py
[2026-07-09T11:35:22.290+0000] {processor.py:830} INFO - Processing file /opt/airflow/dags/cdc_demo_dag.py for tasks to queue
[2026-07-09T11:35:22.291+0000] {logging_mixin.py:188} INFO - [2026-07-09T11:35:22.291+0000] {dagbag.py:545} INFO - Filling up the DagBag from /opt/airflow/dags/cdc_demo_dag.py
[2026-07-09T11:35:22.300+0000] {processor.py:840} INFO - DAG(s) 'postgres_cdc_demo' retrieved from /opt/airflow/dags/cdc_demo_dag.py
[2026-07-09T11:35:22.326+0000] {logging_mixin.py:188} INFO - [2026-07-09T11:35:22.326+0000] {dag.py:3096} INFO - Sync 1 DAGs
[2026-07-09T11:35:22.344+0000] {logging_mixin.py:188} INFO - [2026-07-09T11:35:22.343+0000] {dag.py:3954} INFO - Setting next_dagrun for postgres_cdc_demo to 2026-07-08 00:00:00+00:00, run_after=2026-07-09 00:00:00+00:00
[2026-07-09T11:35:22.368+0000] {processor.py:183} INFO - Processing /opt/airflow/dags/cdc_demo_dag.py took 0.082 seconds
[2026-07-09T11:35:52.504+0000] {processor.py:161} INFO - Started process (PID=772) to work on /opt/airflow/dags/cdc_demo_dag.py
[2026-07-09T11:35:52.529+0000] {processor.py:830} INFO - Processing file /opt/airflow/dags/cdc_demo_dag.py for tasks to queue
[2026-07-09T11:35:52.530+0000] {logging_mixin.py:188} INFO - [2026-07-09T11:35:52.530+0000] {dagbag.py:545} INFO - Filling up the DagBag from /opt/airflow/dags/cdc_demo_dag.py
[2026-07-09T11:35:52.544+0000] {processor.py:840} INFO - DAG(s) 'postgres_cdc_demo' retrieved from /opt/airflow/dags/cdc_demo_dag.py
[2026-07-09T11:35:52.582+0000] {logging_mixin.py:188} INFO - [2026-07-09T11:35:52.582+0000] {dag.py:3096} INFO - Sync 1 DAGs
[2026-07-09T11:35:52.600+0000] {logging_mixin.py:188} INFO - [2026-07-09T11:35:52.600+0000] {dag.py:3954} INFO - Setting next_dagrun for postgres_cdc_demo to 2026-07-08 00:00:00+00:00, run_after=2026-07-09 00:00:00+00:00
[2026-07-09T11:35:53.039+0000] {processor.py:183} INFO - Processing /opt/airflow/dags/cdc_demo_dag.py took 0.540 seconds
[2026-07-09T11:36:23.257+0000] {processor.py:161} INFO - Started process (PID=777) to work on /opt/airflow/dags/cdc_demo_dag.py
[2026-07-09T11:36:23.258+0000] {processor.py:830} INFO - Processing file /opt/airflow/dags/cdc_demo_dag.py for tasks to queue
[2026-07-09T11:36:23.259+0000] {logging_mixin.py:188} INFO - [2026-07-09T11:36:23.259+0000] {dagbag.py:545} INFO - Filling up the DagBag from /opt/airflow/dags/cdc_demo_dag.py
[2026-07-09T11:36:23.268+0000] {processor.py:840} INFO - DAG(s) 'postgres_cdc_demo' retrieved from /opt/airflow/dags/cdc_demo_dag.py
[2026-07-09T11:36:23.293+0000] {logging_mixin.py:188} INFO - [2026-07-09T11:36:23.293+0000] {dag.py:3096} INFO - Sync 1 DAGs
[2026-07-09T11:36:23.310+0000] {logging_mixin.py:188} INFO - [2026-07-09T11:36:23.310+0000] {dag.py:3954} INFO - Setting next_dagrun for postgres_cdc_demo to 2026-07-08 00:00:00+00:00, run_after=2026-07-09 00:00:00+00:00
[2026-07-09T11:36:23.852+0000] {processor.py:183} INFO - Processing /opt/airflow/dags/cdc_demo_dag.py took 0.599 seconds
[2026-07-09T11:36:53.957+0000] {processor.py:161} INFO - Started process (PID=782) to work on /opt/airflow/dags/cdc_demo_dag.py
[2026-07-09T11:36:53.975+0000] {processor.py:830} INFO - Processing file /opt/airflow/dags/cdc_demo_dag.py for tasks to queue
[2026-07-09T11:36:53.977+0000] {logging_mixin.py:188} INFO - [2026-07-09T11:36:53.977+0000] {dagbag.py:545} INFO - Filling up the DagBag from /opt/airflow/dags/cdc_demo_dag.py
[2026-07-09T11:36:53.988+0000] {processor.py:840} INFO - DAG(s) 'postgres_cdc_demo' retrieved from /opt/airflow/dags/cdc_demo_dag.py
[2026-07-09T11:36:54.020+0000] {logging_mixin.py:188} INFO - [2026-07-09T11:36:54.020+0000] {dag.py:3096} INFO - Sync 1 DAGs
[2026-07-09T11:36:54.041+0000] {logging_mixin.py:188} INFO - [2026-07-09T11:36:54.040+0000] {dag.py:3954} INFO - Setting next_dagrun for postgres_cdc_demo to 2026-07-08 00:00:00+00:00, run_after=2026-07-09 00:00:00+00:00
[2026-07-09T11:36:54.074+0000] {processor.py:183} INFO - Processing /opt/airflow/dags/cdc_demo_dag.py took 0.121 seconds
[2026-07-09T11:37:24.242+0000] {processor.py:161} INFO - Started process (PID=787) to work on /opt/airflow/dags/cdc_demo_dag.py
[2026-07-09T11:37:24.243+0000] {processor.py:830} INFO - Processing file /opt/airflow/dags/cdc_demo_dag.py for tasks to queue
[2026-07-09T11:37:24.244+0000] {logging_mixin.py:188} INFO - [2026-07-09T11:37:24.244+0000] {dagbag.py:545} INFO - Filling up the DagBag from /opt/airflow/dags/cdc_demo_dag.py
[2026-07-09T11:37:24.253+0000] {processor.py:840} INFO - DAG(s) 'postgres_cdc_demo' retrieved from /opt/airflow/dags/cdc_demo_dag.py
[2026-07-09T11:37:24.278+0000] {logging_mixin.py:188} INFO - [2026-07-09T11:37:24.278+0000] {dag.py:3096} INFO - Sync 1 DAGs
[2026-07-09T11:37:24.296+0000] {logging_mixin.py:188} INFO - [2026-07-09T11:37:24.296+0000] {dag.py:3954} INFO - Setting next_dagrun for postgres_cdc_demo to 2026-07-08 00:00:00+00:00, run_after=2026-07-09 00:00:00+00:00
[2026-07-09T11:37:24.320+0000] {processor.py:183} INFO - Processing /opt/airflow/dags/cdc_demo_dag.py took 0.083 seconds
[2026-07-09T11:37:54.465+0000] {processor.py:161} INFO - Started process (PID=792) to work on /opt/airflow/dags/cdc_demo_dag.py
[2026-07-09T11:37:54.471+0000] {processor.py:830} INFO - Processing file /opt/airflow/dags/cdc_demo_dag.py for tasks to queue
[2026-07-09T11:37:54.472+0000] {logging_mixin.py:188} INFO - [2026-07-09T11:37:54.472+0000] {dagbag.py:545} INFO - Filling up the DagBag from /opt/airflow/dags/cdc_demo_dag.py
[2026-07-09T11:37:54.482+0000] {processor.py:840} INFO - DAG(s) 'postgres_cdc_demo' retrieved from /opt/airflow/dags/cdc_demo_dag.py
[2026-07-09T11:37:54.510+0000] {logging_mixin.py:188} INFO - [2026-07-09T11:37:54.509+0000] {dag.py:3096} INFO - Sync 1 DAGs
[2026-07-09T11:37:54.527+0000] {logging_mixin.py:188} INFO - [2026-07-09T11:37:54.527+0000] {dag.py:3954} INFO - Setting next_dagrun for postgres_cdc_demo to 2026-07-08 00:00:00+00:00, run_after=2026-07-09 00:00:00+00:00
[2026-07-09T11:37:54.556+0000] {processor.py:183} INFO - Processing /opt/airflow/dags/cdc_demo_dag.py took 0.095 seconds
[2026-07-09T11:38:24.707+0000] {processor.py:161} INFO - Started process (PID=797) to work on /opt/airflow/dags/cdc_demo_dag.py
[2026-07-09T11:38:24.708+0000] {processor.py:830} INFO - Processing file /opt/airflow/dags/cdc_demo_dag.py for tasks to queue
[2026-07-09T11:38:24.709+0000] {logging_mixin.py:188} INFO - [2026-07-09T11:38:24.709+0000] {dagbag.py:545} INFO - Filling up the DagBag from /opt/airflow/dags/cdc_demo_dag.py
[2026-07-09T11:38:24.718+0000] {processor.py:840} INFO - DAG(s) 'postgres_cdc_demo' retrieved from /opt/airflow/dags/cdc_demo_dag.py
[2026-07-09T11:38:24.743+0000] {logging_mixin.py:188} INFO - [2026-07-09T11:38:24.742+0000] {dag.py:3096} INFO - Sync 1 DAGs
[2026-07-09T11:38:24.759+0000] {logging_mixin.py:188} INFO - [2026-07-09T11:38:24.759+0000] {dag.py:3954} INFO - Setting next_dagrun for postgres_cdc_demo to 2026-07-08 00:00:00+00:00, run_after=2026-07-09 00:00:00+00:00
[2026-07-09T11:38:24.782+0000] {processor.py:183} INFO - Processing /opt/airflow/dags/cdc_demo_dag.py took 0.079 seconds
[2026-07-09T11:38:54.951+0000] {processor.py:161} INFO - Started process (PID=802) to work on /opt/airflow/dags/cdc_demo_dag.py
[2026-07-09T11:38:54.960+0000] {processor.py:830} INFO - Processing file /opt/airflow/dags/cdc_demo_dag.py for tasks to queue
[2026-07-09T11:38:54.961+0000] {logging_mixin.py:188} INFO - [2026-07-09T11:38:54.961+0000] {dagbag.py:545} INFO - Filling up the DagBag from /opt/airflow/dags/cdc_demo_dag.py
[2026-07-09T11:38:54.971+0000] {processor.py:840} INFO - DAG(s) 'postgres_cdc_demo' retrieved from /opt/airflow/dags/cdc_demo_dag.py
[2026-07-09T11:38:54.998+0000] {logging_mixin.py:188} INFO - [2026-07-09T11:38:54.998+0000] {dag.py:3096} INFO - Sync 1 DAGs
[2026-07-09T11:38:55.016+0000] {logging_mixin.py:188} INFO - [2026-07-09T11:38:55.015+0000] {dag.py:3954} INFO - Setting next_dagrun for postgres_cdc_demo to 2026-07-08 00:00:00+00:00, run_after=2026-07-09 00:00:00+00:00
[2026-07-09T11:38:55.039+0000] {processor.py:183} INFO - Processing /opt/airflow/dags/cdc_demo_dag.py took 0.093 seconds
[2026-07-09T11:39:25.179+0000] {processor.py:161} INFO - Started process (PID=807) to work on /opt/airflow/dags/cdc_demo_dag.py
[2026-07-09T11:39:25.180+0000] {processor.py:830} INFO - Processing file /opt/airflow/dags/cdc_demo_dag.py for tasks to queue
[2026-07-09T11:39:25.181+0000] {logging_mixin.py:188} INFO - [2026-07-09T11:39:25.181+0000] {dagbag.py:545} INFO - Filling up the DagBag from /opt/airflow/dags/cdc_demo_dag.py
[2026-07-09T11:39:25.189+0000] {processor.py:840} INFO - DAG(s) 'postgres_cdc_demo' retrieved from /opt/airflow/dags/cdc_demo_dag.py
[2026-07-09T11:39:25.213+0000] {logging_mixin.py:188} INFO - [2026-07-09T11:39:25.213+0000] {dag.py:3096} INFO - Sync 1 DAGs
[2026-07-09T11:39:25.230+0000] {logging_mixin.py:188} INFO - [2026-07-09T11:39:25.230+0000] {dag.py:3954} INFO - Setting next_dagrun for postgres_cdc_demo to 2026-07-08 00:00:00+00:00, run_after=2026-07-09 00:00:00+00:00
[2026-07-09T11:39:25.277+0000] {processor.py:183} INFO - Processing /opt/airflow/dags/cdc_demo_dag.py took 0.102 seconds
[2026-07-09T11:39:55.416+0000] {processor.py:161} INFO - Started process (PID=812) to work on /opt/airflow/dags/cdc_demo_dag.py
[2026-07-09T11:39:55.442+0000] {processor.py:830} INFO - Processing file /opt/airflow/dags/cdc_demo_dag.py for tasks to queue
[2026-07-09T11:39:55.443+0000] {logging_mixin.py:188} INFO - [2026-07-09T11:39:55.443+0000] {dagbag.py:545} INFO - Filling up the DagBag from /opt/airflow/dags/cdc_demo_dag.py
[2026-07-09T11:39:55.452+0000] {processor.py:840} INFO - DAG(s) 'postgres_cdc_demo' retrieved from /opt/airflow/dags/cdc_demo_dag.py
[2026-07-09T11:39:55.477+0000] {logging_mixin.py:188} INFO - [2026-07-09T11:39:55.477+0000] {dag.py:3096} INFO - Sync 1 DAGs
[2026-07-09T11:39:55.495+0000] {logging_mixin.py:188} INFO - [2026-07-09T11:39:55.495+0000] {dag.py:3954} INFO - Setting next_dagrun for postgres_cdc_demo to 2026-07-08 00:00:00+00:00, run_after=2026-07-09 00:00:00+00:00
[2026-07-09T11:39:55.791+0000] {processor.py:183} INFO - Processing /opt/airflow/dags/cdc_demo_dag.py took 0.380 seconds
[2026-07-09T11:40:26.009+0000] {processor.py:161} INFO - Started process (PID=817) to work on /opt/airflow/dags/cdc_demo_dag.py
[2026-07-09T11:40:26.009+0000] {processor.py:830} INFO - Processing file /opt/airflow/dags/cdc_demo_dag.py for tasks to queue
[2026-07-09T11:40:26.010+0000] {logging_mixin.py:188} INFO - [2026-07-09T11:40:26.010+0000] {dagbag.py:545} INFO - Filling up the DagBag from /opt/airflow/dags/cdc_demo_dag.py
[2026-07-09T11:40:26.019+0000] {processor.py:840} INFO - DAG(s) 'postgres_cdc_demo' retrieved from /opt/airflow/dags/cdc_demo_dag.py
[2026-07-09T11:40:26.044+0000] {logging_mixin.py:188} INFO - [2026-07-09T11:40:26.044+0000] {dag.py:3096} INFO - Sync 1 DAGs
[2026-07-09T11:40:26.061+0000] {logging_mixin.py:188} INFO - [2026-07-09T11:40:26.061+0000] {dag.py:3954} INFO - Setting next_dagrun for postgres_cdc_demo to 2026-07-08 00:00:00+00:00, run_after=2026-07-09 00:00:00+00:00
[2026-07-09T11:40:26.196+0000] {processor.py:183} INFO - Processing /opt/airflow/dags/cdc_demo_dag.py took 0.192 seconds
[2026-07-09T11:40:56.400+0000] {processor.py:161} INFO - Started process (PID=822) to work on /opt/airflow/dags/cdc_demo_dag.py
[2026-07-09T11:40:56.400+0000] {processor.py:830} INFO - Processing file /opt/airflow/dags/cdc_demo_dag.py for tasks to queue
[2026-07-09T11:40:56.402+0000] {logging_mixin.py:188} INFO - [2026-07-09T11:40:56.401+0000] {dagbag.py:545} INFO - Filling up the DagBag from /opt/airflow/dags/cdc_demo_dag.py
[2026-07-09T11:40:56.410+0000] {processor.py:840} INFO - DAG(s) 'postgres_cdc_demo' retrieved from /opt/airflow/dags/cdc_demo_dag.py
[2026-07-09T11:40:56.435+0000] {logging_mixin.py:188} INFO - [2026-07-09T11:40:56.434+0000] {dag.py:3096} INFO - Sync 1 DAGs
[2026-07-09T11:40:56.452+0000] {logging_mixin.py:188} INFO - [2026-07-09T11:40:56.452+0000] {dag.py:3954} INFO - Setting next_dagrun for postgres_cdc_demo to 2026-07-08 00:00:00+00:00, run_after=2026-07-09 00:00:00+00:00
[2026-07-09T11:40:57.255+0000] {processor.py:183} INFO - Processing /opt/airflow/dags/cdc_demo_dag.py took 0.860 seconds
[2026-07-09T11:41:27.435+0000] {processor.py:161} INFO - Started process (PID=827) to work on /opt/airflow/dags/cdc_demo_dag.py
[2026-07-09T11:41:27.435+0000] {processor.py:830} INFO - Processing file /opt/airflow/dags/cdc_demo_dag.py for tasks to queue
[2026-07-09T11:41:27.436+0000] {logging_mixin.py:188} INFO - [2026-07-09T11:41:27.436+0000] {dagbag.py:545} INFO - Filling up the DagBag from /opt/airflow/dags/cdc_demo_dag.py
[2026-07-09T11:41:27.445+0000] {processor.py:840} INFO - DAG(s) 'postgres_cdc_demo' retrieved from /opt/airflow/dags/cdc_demo_dag.py
[2026-07-09T11:41:27.469+0000] {logging_mixin.py:188} INFO - [2026-07-09T11:41:27.469+0000] {dag.py:3096} INFO - Sync 1 DAGs
[2026-07-09T11:41:27.486+0000] {logging_mixin.py:188} INFO - [2026-07-09T11:41:27.486+0000] {dag.py:3954} INFO - Setting next_dagrun for postgres_cdc_demo to 2026-07-08 00:00:00+00:00, run_after=2026-07-09 00:00:00+00:00
[2026-07-09T11:41:27.509+0000] {processor.py:183} INFO - Processing /opt/airflow/dags/cdc_demo_dag.py took 0.078 seconds
[2026-07-09T11:41:57.644+0000] {processor.py:161} INFO - Started process (PID=832) to work on /opt/airflow/dags/cdc_demo_dag.py
[2026-07-09T11:41:57.645+0000] {processor.py:830} INFO - Processing file /opt/airflow/dags/cdc_demo_dag.py for tasks to queue
[2026-07-09T11:41:57.646+0000] {logging_mixin.py:188} INFO - [2026-07-09T11:41:57.646+0000] {dagbag.py:545} INFO - Filling up the DagBag from /opt/airflow/dags/cdc_demo_dag.py
[2026-07-09T11:41:57.655+0000] {processor.py:840} INFO - DAG(s) 'postgres_cdc_demo' retrieved from /opt/airflow/dags/cdc_demo_dag.py
[2026-07-09T11:41:57.679+0000] {logging_mixin.py:188} INFO - [2026-07-09T11:41:57.679+0000] {dag.py:3096} INFO - Sync 1 DAGs
[2026-07-09T11:41:57.696+0000] {logging_mixin.py:188} INFO - [2026-07-09T11:41:57.696+0000] {dag.py:3954} INFO - Setting next_dagrun for postgres_cdc_demo to 2026-07-08 00:00:00+00:00, run_after=2026-07-09 00:00:00+00:00
[2026-07-09T11:41:57.719+0000] {processor.py:183} INFO - Processing /opt/airflow/dags/cdc_demo_dag.py took 0.079 seconds
[2026-07-09T11:42:27.900+0000] {processor.py:161} INFO - Started process (PID=837) to work on /opt/airflow/dags/cdc_demo_dag.py
[2026-07-09T11:42:27.910+0000] {processor.py:830} INFO - Processing file /opt/airflow/dags/cdc_demo_dag.py for tasks to queue
[2026-07-09T11:42:27.912+0000] {logging_mixin.py:188} INFO - [2026-07-09T11:42:27.911+0000] {dagbag.py:545} INFO - Filling up the DagBag from /opt/airflow/dags/cdc_demo_dag.py
[2026-07-09T11:42:27.922+0000] {processor.py:840} INFO - DAG(s) 'postgres_cdc_demo' retrieved from /opt/airflow/dags/cdc_demo_dag.py
[2026-07-09T11:42:27.951+0000] {logging_mixin.py:188} INFO - [2026-07-09T11:42:27.951+0000] {dag.py:3096} INFO - Sync 1 DAGs
[2026-07-09T11:42:27.969+0000] {logging_mixin.py:188} INFO - [2026-07-09T11:42:27.969+0000] {dag.py:3954} INFO - Setting next_dagrun for postgres_cdc_demo to 2026-07-08 00:00:00+00:00, run_after=2026-07-09 00:00:00+00:00
[2026-07-09T11:42:28.006+0000] {processor.py:183} INFO - Processing /opt/airflow/dags/cdc_demo_dag.py took 0.111 seconds
[2026-07-09T11:42:58.105+0000] {processor.py:161} INFO - Started process (PID=842) to work on /opt/airflow/dags/cdc_demo_dag.py
[2026-07-09T11:42:58.106+0000] {processor.py:830} INFO - Processing file /opt/airflow/dags/cdc_demo_dag.py for tasks to queue
[2026-07-09T11:42:58.107+0000] {logging_mixin.py:188} INFO - [2026-07-09T11:42:58.106+0000] {dagbag.py:545} INFO - Filling up the DagBag from /opt/airflow/dags/cdc_demo_dag.py
[2026-07-09T11:42:58.115+0000] {processor.py:840} INFO - DAG(s) 'postgres_cdc_demo' retrieved from /opt/airflow/dags/cdc_demo_dag.py
[2026-07-09T11:42:58.140+0000] {logging_mixin.py:188} INFO - [2026-07-09T11:42:58.140+0000] {dag.py:3096} INFO - Sync 1 DAGs
[2026-07-09T11:42:58.157+0000] {logging_mixin.py:188} INFO - [2026-07-09T11:42:58.156+0000] {dag.py:3954} INFO - Setting next_dagrun for postgres_cdc_demo to 2026-07-08 00:00:00+00:00, run_after=2026-07-09 00:00:00+00:00
[2026-07-09T11:42:58.188+0000] {processor.py:183} INFO - Processing /opt/airflow/dags/cdc_demo_dag.py took 0.087 seconds
[2026-07-09T11:43:28.391+0000] {processor.py:161} INFO - Started process (PID=847) to work on /opt/airflow/dags/cdc_demo_dag.py
[2026-07-09T11:43:28.397+0000] {processor.py:830} INFO - Processing file /opt/airflow/dags/cdc_demo_dag.py for tasks to queue
[2026-07-09T11:43:28.398+0000] {logging_mixin.py:188} INFO - [2026-07-09T11:43:28.398+0000] {dagbag.py:545} INFO - Filling up the DagBag from /opt/airflow/dags/cdc_demo_dag.py
[2026-07-09T11:43:28.408+0000] {processor.py:840} INFO - DAG(s) 'postgres_cdc_demo' retrieved from /opt/airflow/dags/cdc_demo_dag.py
[2026-07-09T11:43:28.435+0000] {logging_mixin.py:188} INFO - [2026-07-09T11:43:28.435+0000] {dag.py:3096} INFO - Sync 1 DAGs
[2026-07-09T11:43:28.453+0000] {logging_mixin.py:188} INFO - [2026-07-09T11:43:28.452+0000] {dag.py:3954} INFO - Setting next_dagrun for postgres_cdc_demo to 2026-07-08 00:00:00+00:00, run_after=2026-07-09 00:00:00+00:00
[2026-07-09T11:43:28.475+0000] {processor.py:183} INFO - Processing /opt/airflow/dags/cdc_demo_dag.py took 0.088 seconds
[2026-07-09T11:43:58.597+0000] {processor.py:161} INFO - Started process (PID=852) to work on /opt/airflow/dags/cdc_demo_dag.py
[2026-07-09T11:43:58.598+0000] {processor.py:830} INFO - Processing file /opt/airflow/dags/cdc_demo_dag.py for tasks to queue
[2026-07-09T11:43:58.599+0000] {logging_mixin.py:188} INFO - [2026-07-09T11:43:58.599+0000] {dagbag.py:545} INFO - Filling up the DagBag from /opt/airflow/dags/cdc_demo_dag.py
[2026-07-09T11:43:58.608+0000] {processor.py:840} INFO - DAG(s) 'postgres_cdc_demo' retrieved from /opt/airflow/dags/cdc_demo_dag.py
[2026-07-09T11:43:58.632+0000] {logging_mixin.py:188} INFO - [2026-07-09T11:43:58.632+0000] {dag.py:3096} INFO - Sync 1 DAGs
[2026-07-09T11:43:58.650+0000] {logging_mixin.py:188} INFO - [2026-07-09T11:43:58.650+0000] {dag.py:3954} INFO - Setting next_dagrun for postgres_cdc_demo to 2026-07-08 00:00:00+00:00, run_after=2026-07-09 00:00:00+00:00
[2026-07-09T11:43:58.678+0000] {processor.py:183} INFO - Processing /opt/airflow/dags/cdc_demo_dag.py took 0.085 seconds
[2026-07-09T11:44:28.871+0000] {processor.py:161} INFO - Started process (PID=857) to work on /opt/airflow/dags/cdc_demo_dag.py
[2026-07-09T11:44:28.878+0000] {processor.py:830} INFO - Processing file /opt/airflow/dags/cdc_demo_dag.py for tasks to queue
[2026-07-09T11:44:28.879+0000] {logging_mixin.py:188} INFO - [2026-07-09T11:44:28.879+0000] {dagbag.py:545} INFO - Filling up the DagBag from /opt/airflow/dags/cdc_demo_dag.py
[2026-07-09T11:44:28.888+0000] {processor.py:840} INFO - DAG(s) 'postgres_cdc_demo' retrieved from /opt/airflow/dags/cdc_demo_dag.py
[2026-07-09T11:44:28.913+0000] {logging_mixin.py:188} INFO - [2026-07-09T11:44:28.913+0000] {dag.py:3096} INFO - Sync 1 DAGs
[2026-07-09T11:44:28.930+0000] {logging_mixin.py:188} INFO - [2026-07-09T11:44:28.930+0000] {dag.py:3954} INFO - Setting next_dagrun for postgres_cdc_demo to 2026-07-08 00:00:00+00:00, run_after=2026-07-09 00:00:00+00:00
[2026-07-09T11:44:28.951+0000] {processor.py:183} INFO - Processing /opt/airflow/dags/cdc_demo_dag.py took 0.084 seconds
[2026-07-09T11:44:59.082+0000] {processor.py:161} INFO - Started process (PID=862) to work on /opt/airflow/dags/cdc_demo_dag.py
[2026-07-09T11:44:59.082+0000] {processor.py:830} INFO - Processing file /opt/airflow/dags/cdc_demo_dag.py for tasks to queue
[2026-07-09T11:44:59.083+0000] {logging_mixin.py:188} INFO - [2026-07-09T11:44:59.083+0000] {dagbag.py:545} INFO - Filling up the DagBag from /opt/airflow/dags/cdc_demo_dag.py
[2026-07-09T11:44:59.091+0000] {processor.py:840} INFO - DAG(s) 'postgres_cdc_demo' retrieved from /opt/airflow/dags/cdc_demo_dag.py
[2026-07-09T11:44:59.116+0000] {logging_mixin.py:188} INFO - [2026-07-09T11:44:59.116+0000] {dag.py:3096} INFO - Sync 1 DAGs
[2026-07-09T11:44:59.133+0000] {logging_mixin.py:188} INFO - [2026-07-09T11:44:59.133+0000] {dag.py:3954} INFO - Setting next_dagrun for postgres_cdc_demo to 2026-07-08 00:00:00+00:00, run_after=2026-07-09 00:00:00+00:00
[2026-07-09T11:44:59.160+0000] {processor.py:183} INFO - Processing /opt/airflow/dags/cdc_demo_dag.py took 0.084 seconds
[2026-07-09T11:45:29.347+0000] {processor.py:161} INFO - Started process (PID=867) to work on /opt/airflow/dags/cdc_demo_dag.py
[2026-07-09T11:45:29.374+0000] {processor.py:830} INFO - Processing file /opt/airflow/dags/cdc_demo_dag.py for tasks to queue
[2026-07-09T11:45:29.376+0000] {logging_mixin.py:188} INFO - [2026-07-09T11:45:29.376+0000] {dagbag.py:545} INFO - Filling up the DagBag from /opt/airflow/dags/cdc_demo_dag.py
[2026-07-09T11:45:29.390+0000] {processor.py:840} INFO - DAG(s) 'postgres_cdc_demo' retrieved from /opt/airflow/dags/cdc_demo_dag.py
[2026-07-09T11:45:29.429+0000] {logging_mixin.py:188} INFO - [2026-07-09T11:45:29.428+0000] {dag.py:3096} INFO - Sync 1 DAGs
[2026-07-09T11:45:29.447+0000] {logging_mixin.py:188} INFO - [2026-07-09T11:45:29.446+0000] {dag.py:3954} INFO - Setting next_dagrun for postgres_cdc_demo to 2026-07-08 00:00:00+00:00, run_after=2026-07-09 00:00:00+00:00
[2026-07-09T11:45:29.472+0000] {processor.py:183} INFO - Processing /opt/airflow/dags/cdc_demo_dag.py took 0.128 seconds
[2026-07-09T11:45:59.550+0000] {processor.py:161} INFO - Started process (PID=872) to work on /opt/airflow/dags/cdc_demo_dag.py
[2026-07-09T11:45:59.551+0000] {processor.py:830} INFO - Processing file /opt/airflow/dags/cdc_demo_dag.py for tasks to queue
[2026-07-09T11:45:59.552+0000] {logging_mixin.py:188} INFO - [2026-07-09T11:45:59.552+0000] {dagbag.py:545} INFO - Filling up the DagBag from /opt/airflow/dags/cdc_demo_dag.py
[2026-07-09T11:45:59.561+0000] {processor.py:840} INFO - DAG(s) 'postgres_cdc_demo' retrieved from /opt/airflow/dags/cdc_demo_dag.py
[2026-07-09T11:45:59.585+0000] {logging_mixin.py:188} INFO - [2026-07-09T11:45:59.585+0000] {dag.py:3096} INFO - Sync 1 DAGs
[2026-07-09T11:45:59.603+0000] {logging_mixin.py:188} INFO - [2026-07-09T11:45:59.603+0000] {dag.py:3954} INFO - Setting next_dagrun for postgres_cdc_demo to 2026-07-08 00:00:00+00:00, run_after=2026-07-09 00:00:00+00:00
[2026-07-09T11:45:59.629+0000] {processor.py:183} INFO - Processing /opt/airflow/dags/cdc_demo_dag.py took 0.083 seconds
[2026-07-09T11:46:29.758+0000] {processor.py:161} INFO - Started process (PID=877) to work on /opt/airflow/dags/cdc_demo_dag.py
[2026-07-09T11:46:29.764+0000] {processor.py:830} INFO - Processing file /opt/airflow/dags/cdc_demo_dag.py for tasks to queue
[2026-07-09T11:46:29.765+0000] {logging_mixin.py:188} INFO - [2026-07-09T11:46:29.765+0000] {dagbag.py:545} INFO - Filling up the DagBag from /opt/airflow/dags/cdc_demo_dag.py
[2026-07-09T11:46:29.775+0000] {processor.py:840} INFO - DAG(s) 'postgres_cdc_demo' retrieved from /opt/airflow/dags/cdc_demo_dag.py
[2026-07-09T11:46:29.802+0000] {logging_mixin.py:188} INFO - [2026-07-09T11:46:29.802+0000] {dag.py:3096} INFO - Sync 1 DAGs
[2026-07-09T11:46:29.820+0000] {logging_mixin.py:188} INFO - [2026-07-09T11:46:29.820+0000] {dag.py:3954} INFO - Setting next_dagrun for postgres_cdc_demo to 2026-07-08 00:00:00+00:00, run_after=2026-07-09 00:00:00+00:00
[2026-07-09T11:46:29.846+0000] {processor.py:183} INFO - Processing /opt/airflow/dags/cdc_demo_dag.py took 0.092 seconds
[2026-07-09T11:47:00.026+0000] {processor.py:161} INFO - Started process (PID=882) to work on /opt/airflow/dags/cdc_demo_dag.py
[2026-07-09T11:47:00.026+0000] {processor.py:830} INFO - Processing file /opt/airflow/dags/cdc_demo_dag.py for tasks to queue
[2026-07-09T11:47:00.027+0000] {logging_mixin.py:188} INFO - [2026-07-09T11:47:00.027+0000] {dagbag.py:545} INFO - Filling up the DagBag from /opt/airflow/dags/cdc_demo_dag.py
[2026-07-09T11:47:00.036+0000] {processor.py:840} INFO - DAG(s) 'postgres_cdc_demo' retrieved from /opt/airflow/dags/cdc_demo_dag.py
[2026-07-09T11:47:00.060+0000] {logging_mixin.py:188} INFO - [2026-07-09T11:47:00.059+0000] {dag.py:3096} INFO - Sync 1 DAGs
[2026-07-09T11:47:00.077+0000] {logging_mixin.py:188} INFO - [2026-07-09T11:47:00.077+0000] {dag.py:3954} INFO - Setting next_dagrun for postgres_cdc_demo to 2026-07-08 00:00:00+00:00, run_after=2026-07-09 00:00:00+00:00
[2026-07-09T11:47:00.438+0000] {processor.py:183} INFO - Processing /opt/airflow/dags/cdc_demo_dag.py took 0.417 seconds
[2026-07-09T11:47:30.656+0000] {processor.py:161} INFO - Started process (PID=887) to work on /opt/airflow/dags/cdc_demo_dag.py
[2026-07-09T11:47:30.656+0000] {processor.py:830} INFO - Processing file /opt/airflow/dags/cdc_demo_dag.py for tasks to queue
[2026-07-09T11:47:30.657+0000] {logging_mixin.py:188} INFO - [2026-07-09T11:47:30.657+0000] {dagbag.py:545} INFO - Filling up the DagBag from /opt/airflow/dags/cdc_demo_dag.py
[2026-07-09T11:47:30.666+0000] {processor.py:840} INFO - DAG(s) 'postgres_cdc_demo' retrieved from /opt/airflow/dags/cdc_demo_dag.py
[2026-07-09T11:47:30.690+0000] {logging_mixin.py:188} INFO - [2026-07-09T11:47:30.690+0000] {dag.py:3096} INFO - Sync 1 DAGs
[2026-07-09T11:47:30.707+0000] {logging_mixin.py:188} INFO - [2026-07-09T11:47:30.707+0000] {dag.py:3954} INFO - Setting next_dagrun for postgres_cdc_demo to 2026-07-08 00:00:00+00:00, run_after=2026-07-09 00:00:00+00:00
[2026-07-09T11:47:30.732+0000] {processor.py:183} INFO - Processing /opt/airflow/dags/cdc_demo_dag.py took 0.081 seconds
[2026-07-09T11:48:00.877+0000] {processor.py:161} INFO - Started process (PID=892) to work on /opt/airflow/dags/cdc_demo_dag.py
[2026-07-09T11:48:00.906+0000] {processor.py:830} INFO - Processing file /opt/airflow/dags/cdc_demo_dag.py for tasks to queue
[2026-07-09T11:48:00.908+0000] {logging_mixin.py:188} INFO - [2026-07-09T11:48:00.907+0000] {dagbag.py:545} INFO - Filling up the DagBag from /opt/airflow/dags/cdc_demo_dag.py
[2026-07-09T11:48:00.921+0000] {processor.py:840} INFO - DAG(s) 'postgres_cdc_demo' retrieved from /opt/airflow/dags/cdc_demo_dag.py
[2026-07-09T11:48:00.960+0000] {logging_mixin.py:188} INFO - [2026-07-09T11:48:00.960+0000] {dag.py:3096} INFO - Sync 1 DAGs
[2026-07-09T11:48:00.978+0000] {logging_mixin.py:188} INFO - [2026-07-09T11:48:00.978+0000] {dag.py:3954} INFO - Setting next_dagrun for postgres_cdc_demo to 2026-07-08 00:00:00+00:00, run_after=2026-07-09 00:00:00+00:00
[2026-07-09T11:48:01.007+0000] {processor.py:183} INFO - Processing /opt/airflow/dags/cdc_demo_dag.py took 0.134 seconds
[2026-07-09T11:48:31.117+0000] {processor.py:161} INFO - Started process (PID=897) to work on /opt/airflow/dags/cdc_demo_dag.py
[2026-07-09T11:48:31.118+0000] {processor.py:830} INFO - Processing file /opt/airflow/dags/cdc_demo_dag.py for tasks to queue
[2026-07-09T11:48:31.119+0000] {logging_mixin.py:188} INFO - [2026-07-09T11:48:31.119+0000] {dagbag.py:545} INFO - Filling up the DagBag from /opt/airflow/dags/cdc_demo_dag.py
[2026-07-09T11:48:31.127+0000] {processor.py:840} INFO - DAG(s) 'postgres_cdc_demo' retrieved from /opt/airflow/dags/cdc_demo_dag.py
[2026-07-09T11:48:31.152+0000] {logging_mixin.py:188} INFO - [2026-07-09T11:48:31.151+0000] {dag.py:3096} INFO - Sync 1 DAGs
[2026-07-09T11:48:31.169+0000] {logging_mixin.py:188} INFO - [2026-07-09T11:48:31.168+0000] {dag.py:3954} INFO - Setting next_dagrun for postgres_cdc_demo to 2026-07-08 00:00:00+00:00, run_after=2026-07-09 00:00:00+00:00
[2026-07-09T11:48:31.192+0000] {processor.py:183} INFO - Processing /opt/airflow/dags/cdc_demo_dag.py took 0.079 seconds
[2026-07-09T11:49:01.389+0000] {processor.py:161} INFO - Started process (PID=902) to work on /opt/airflow/dags/cdc_demo_dag.py
[2026-07-09T11:49:01.581+0000] {processor.py:830} INFO - Processing file /opt/airflow/dags/cdc_demo_dag.py for tasks to queue
[2026-07-09T11:49:01.586+0000] {logging_mixin.py:188} INFO - [2026-07-09T11:49:01.585+0000] {dagbag.py:545} INFO - Filling up the DagBag from /opt/airflow/dags/cdc_demo_dag.py
[2026-07-09T11:49:01.621+0000] {processor.py:840} INFO - DAG(s) 'postgres_cdc_demo' retrieved from /opt/airflow/dags/cdc_demo_dag.py
[2026-07-09T11:49:01.661+0000] {logging_mixin.py:188} INFO - [2026-07-09T11:49:01.661+0000] {dag.py:3096} INFO - Sync 1 DAGs
[2026-07-09T11:49:01.683+0000] {logging_mixin.py:188} INFO - [2026-07-09T11:49:01.682+0000] {dag.py:3954} INFO - Setting next_dagrun for postgres_cdc_demo to 2026-07-08 00:00:00+00:00, run_after=2026-07-09 00:00:00+00:00
[2026-07-09T11:49:01.893+0000] {processor.py:183} INFO - Processing /opt/airflow/dags/cdc_demo_dag.py took 0.508 seconds
[2026-07-09T11:49:32.138+0000] {processor.py:161} INFO - Started process (PID=907) to work on /opt/airflow/dags/cdc_demo_dag.py
[2026-07-09T11:49:32.139+0000] {processor.py:830} INFO - Processing file /opt/airflow/dags/cdc_demo_dag.py for tasks to queue
[2026-07-09T11:49:32.140+0000] {logging_mixin.py:188} INFO - [2026-07-09T11:49:32.140+0000] {dagbag.py:545} INFO - Filling up the DagBag from /opt/airflow/dags/cdc_demo_dag.py
[2026-07-09T11:49:32.149+0000] {processor.py:840} INFO - DAG(s) 'postgres_cdc_demo' retrieved from /opt/airflow/dags/cdc_demo_dag.py
[2026-07-09T11:49:32.175+0000] {logging_mixin.py:188} INFO - [2026-07-09T11:49:32.175+0000] {dag.py:3096} INFO - Sync 1 DAGs
[2026-07-09T11:49:32.193+0000] {logging_mixin.py:188} INFO - [2026-07-09T11:49:32.193+0000] {dag.py:3954} INFO - Setting next_dagrun for postgres_cdc_demo to 2026-07-08 00:00:00+00:00, run_after=2026-07-09 00:00:00+00:00
[2026-07-09T11:49:32.221+0000] {processor.py:183} INFO - Processing /opt/airflow/dags/cdc_demo_dag.py took 0.088 seconds
[2026-07-09T11:50:02.341+0000] {processor.py:161} INFO - Started process (PID=912) to work on /opt/airflow/dags/cdc_demo_dag.py
[2026-07-09T11:50:02.342+0000] {processor.py:830} INFO - Processing file /opt/airflow/dags/cdc_demo_dag.py for tasks to queue
[2026-07-09T11:50:02.343+0000] {logging_mixin.py:188} INFO - [2026-07-09T11:50:02.342+0000] {dagbag.py:545} INFO - Filling up the DagBag from /opt/airflow/dags/cdc_demo_dag.py
[2026-07-09T11:50:02.351+0000] {processor.py:840} INFO - DAG(s) 'postgres_cdc_demo' retrieved from /opt/airflow/dags/cdc_demo_dag.py
[2026-07-09T11:50:02.375+0000] {logging_mixin.py:188} INFO - [2026-07-09T11:50:02.375+0000] {dag.py:3096} INFO - Sync 1 DAGs
[2026-07-09T11:50:02.393+0000] {logging_mixin.py:188} INFO - [2026-07-09T11:50:02.393+0000] {dag.py:3954} INFO - Setting next_dagrun for postgres_cdc_demo to 2026-07-08 00:00:00+00:00, run_after=2026-07-09 00:00:00+00:00
[2026-07-09T11:50:02.417+0000] {processor.py:183} INFO - Processing /opt/airflow/dags/cdc_demo_dag.py took 0.081 seconds
[2026-07-09T11:50:32.612+0000] {processor.py:161} INFO - Started process (PID=917) to work on /opt/airflow/dags/cdc_demo_dag.py
[2026-07-09T11:50:32.615+0000] {processor.py:830} INFO - Processing file /opt/airflow/dags/cdc_demo_dag.py for tasks to queue
[2026-07-09T11:50:32.616+0000] {logging_mixin.py:188} INFO - [2026-07-09T11:50:32.616+0000] {dagbag.py:545} INFO - Filling up the DagBag from /opt/airflow/dags/cdc_demo_dag.py
[2026-07-09T11:50:32.625+0000] {processor.py:840} INFO - DAG(s) 'postgres_cdc_demo' retrieved from /opt/airflow/dags/cdc_demo_dag.py
[2026-07-09T11:50:32.651+0000] {logging_mixin.py:188} INFO - [2026-07-09T11:50:32.651+0000] {dag.py:3096} INFO - Sync 1 DAGs
[2026-07-09T11:50:32.668+0000] {logging_mixin.py:188} INFO - [2026-07-09T11:50:32.668+0000] {dag.py:3954} INFO - Setting next_dagrun for postgres_cdc_demo to 2026-07-08 00:00:00+00:00, run_after=2026-07-09 00:00:00+00:00
[2026-07-09T11:50:32.690+0000] {processor.py:183} INFO - Processing /opt/airflow/dags/cdc_demo_dag.py took 0.082 seconds
[2026-07-09T11:51:02.825+0000] {processor.py:161} INFO - Started process (PID=922) to work on /opt/airflow/dags/cdc_demo_dag.py
[2026-07-09T11:51:02.825+0000] {processor.py:830} INFO - Processing file /opt/airflow/dags/cdc_demo_dag.py for tasks to queue
[2026-07-09T11:51:02.827+0000] {logging_mixin.py:188} INFO - [2026-07-09T11:51:02.826+0000] {dagbag.py:545} INFO - Filling up the DagBag from /opt/airflow/dags/cdc_demo_dag.py
[2026-07-09T11:51:02.836+0000] {processor.py:840} INFO - DAG(s) 'postgres_cdc_demo' retrieved from /opt/airflow/dags/cdc_demo_dag.py
[2026-07-09T11:51:02.862+0000] {logging_mixin.py:188} INFO - [2026-07-09T11:51:02.861+0000] {dag.py:3096} INFO - Sync 1 DAGs
[2026-07-09T11:51:02.879+0000] {logging_mixin.py:188} INFO - [2026-07-09T11:51:02.878+0000] {dag.py:3954} INFO - Setting next_dagrun for postgres_cdc_demo to 2026-07-08 00:00:00+00:00, run_after=2026-07-09 00:00:00+00:00
[2026-07-09T11:51:02.904+0000] {processor.py:183} INFO - Processing /opt/airflow/dags/cdc_demo_dag.py took 0.083 seconds
[2026-07-09T11:51:33.078+0000] {processor.py:161} INFO - Started process (PID=927) to work on /opt/airflow/dags/cdc_demo_dag.py
[2026-07-09T11:51:33.089+0000] {processor.py:830} INFO - Processing file /opt/airflow/dags/cdc_demo_dag.py for tasks to queue
[2026-07-09T11:51:33.090+0000] {logging_mixin.py:188} INFO - [2026-07-09T11:51:33.090+0000] {dagbag.py:545} INFO - Filling up the DagBag from /opt/airflow/dags/cdc_demo_dag.py
[2026-07-09T11:51:33.099+0000] {processor.py:840} INFO - DAG(s) 'postgres_cdc_demo' retrieved from /opt/airflow/dags/cdc_demo_dag.py
[2026-07-09T11:51:33.123+0000] {logging_mixin.py:188} INFO - [2026-07-09T11:51:33.122+0000] {dag.py:3096} INFO - Sync 1 DAGs
[2026-07-09T11:51:33.140+0000] {logging_mixin.py:188} INFO - [2026-07-09T11:51:33.140+0000] {dag.py:3954} INFO - Setting next_dagrun for postgres_cdc_demo to 2026-07-08 00:00:00+00:00, run_after=2026-07-09 00:00:00+00:00
[2026-07-09T11:51:33.160+0000] {processor.py:183} INFO - Processing /opt/airflow/dags/cdc_demo_dag.py took 0.086 seconds
